name,member_1,member_2,member_3,member_4,member_5,member_6,member_7,member_8,member_9,member_10,member_11,member_12,member_13,member_14,member_15,member_16,member_17,member_18,member_19,member_20
a0,2.8095809204369955,2.687022603747333,0.13870298151805227,1.3773725998227617,2.075829589871435,1.874253325947831,1.4996441120416086,1.528313853148496,0.26065071210441393,0.5241619640905717,2.820504279946356,1.5259151025427493,2.813413924154114,2.3449098876164065,1.236098231817726,2.8892724532804515,2.9155597276584233,1.0749484361041988,0.5469437119430093,0.6590869708812634
a1,0.05092896314383272,0.08010630705849735,0.02180244246935537,0.07711088424984486,0.05685145850895591,0.06127086169605172,0.058161924273748826,0.03433204289042893,0.08301073816225957,0.013962122941992157,0.034732048562140794,0.0644804525594093,0.022899318055376507,0.044159061228286584,0.0016797805377013033,0.05860167451044134,0.04131754311116123,0.05290579690200199,0.07230601967260294,0.06322532433017206
a2,0.1958968588153246,0.9827674425745612,0.5402917188122163,0.5045930693253026,0.017734043038376557,0.9729038453593488,0.43951188263802365,0.5614978386398551,0.10604015942347755,0.6182722206133515,0.2852646324541025,0.8293999824021434,0.4990199074500003,0.9394020980474114,0.520402080185581,0.8845418873495927,0.45493457396941583,0.07630617062265632,0.7398704930380363,0.6370182824595315
acde,1.4537491197091312,1.5388541093150532,0.8631983884467874,0.5432008526431502,0.7593185760814494,0.11126718289856427,0.18451257422342512,1.0581581969035336,0.9976358508541273,1.2318332835306138,0.6167409336544101,1.5873029230668645,1.3308188443481281,0.3086551276620533,1.17593632535322,0.18256360826398058,0.17235284445190313,0.7419797993766896,0.7132509371776813,0.6975182984298519
ags,0.3965222859099108,0.8856180476927713,0.32626320314171275,1.3425533375641867,0.5101667608531661,1.3124779695978952,0.27522290475440897,1.4774066496558862,1.1039910888333275,1.02861093365556,0.26097022717831436,1.2413007380784733,0.03510963520230881,0.27436134605558055,0.3714656565756382,0.289700437137154,1.2340397456265486,0.8168659124393616,0.22475824848567597,0.9027708874648169
bin_lketa,0.8669243773059738,0.6211415002174678,0.9413662385707899,0.8170390594524607,0.1512470490240042,0.6441169065352729,0.6546920888202902,0.6884623279051759,0.2083049006575768,0.4774809397430259,0.4207910479581979,0.21043789708389726,0.45844723004567656,0.6035044830856261,0.49825697644506345,0.6090236310139286,0.6514661984552162,0.49042116865049157,0.6356334621237907,0.44140821711388223
bin_pketa,0.13998257988756405,0.8738624459769143,0.04099576804490607,0.011205684484152337,0.18268096999825,0.8968155725207019,0.9791925555207206,0.38929758638336276,0.8725381975265952,0.3924846016885273,0.30685040318470985,0.5031917526567382,0.15512029346587525,0.9199229110253239,0.5778984288909828,0.5589283279722773,0.3291853211272849,0.8484176868817045,0.05075290035573077,0.005978978746476349
bin_ppclm,0.550853931630619,0.9496061699477528,0.5261522065568296,0.28906823382607977,0.05442503530961601,0.21367341531032208,0.4896715953581159,0.25080032930675805,0.5006605360331667,0.28622023823619835,0.7393542259766726,0.3325916530551278,0.5331884591943312,0.5832362924650019,0.04566343221822712,0.4950208781937806,0.48875079102002483,0.45475884810888295,0.16717135568971112,0.6076190609427217
bin_prdsw,0.7629528933640497,0.6984890886444064,0.7062255742404477,0.06763969908523493,0.7550989892264862,0.7663760851796904,0.19041420509089507,0.7995306255036461,0.2662664230973286,0.810908124087223,0.8123059995708182,0.5298032110206118,0.6015111302748629,0.9307305843347125,0.5512794124237644,0.8098242949799347,0.7338845942934586,0.34532238753501315,0.4063593684768086,0.5301602798079414
bin_pvsat,0.43148324581272957,0.835508094707566,0.7517920582041978,0.7842887570157329,0.029966652724113363,0.46728580491746907,0.5658296080406053,0.4271244225409896,0.7524275446773626,0.6351412323820596,0.3773924792761697,0.4663227416332193,0.6769838011362678,0.7469043564659326,0.8037326381362057,0.8004882642631389,0.6822724570338985,0.7659378469733659,0.7145778750545622,0.7319720938614511
bin_wk3,0.4684269107432396,0.7314191202698379,0.6754317465656852,0.3845257775723584,0.6074234539912029,0.7305717246977569,0.8753552132523351,0.6488091735406543,0.9874949061972655,0.4656121203935121,0.8473086333421918,0.40675526522630534,0.9907607083437867,0.060434284500152535,0.00790285368101351,0.9267346526926228,0.779081665528663,0.9357298192372141,0.9431458897428944,0.5276201991134468
bin_wk3b,0.8437734714133414,0.16977821353474493,0.47350890586727384,0.6371902445610137,0.5847126023108501,0.6884467463842215,0.9271876830552755,0.8194005517586803,0.9836078069947816,0.3510592258087385,0.5348614620558572,0.3081505972057174,0.7750508553536273,0.7587919508835556,0.1737888183057491,0.752767740376857,0.8521041209406979,0.7303997216583444,0.911493723739784,0.8939476658331534
bin_wketa,0.42251726172233883,0.2401587774623196,0.7663226504921924,0.3473956843745255,0.7486591839406914,0.7188287182325057,0.5155060648059747,0.823649386028005,0.4055115174127928,0.6746716234541326,0.715134367498245,0.11725757506078993,0.8234316507867513,0.929471734473478,0.9490420710772678,0.6785211501493356,0.7904384684410777,0.5839665268536097,0.5844834236270499,0.48662541588606856
cf,2.9875407354983464e-11,1.6623271672775776e-10,3.3703175751559284e-11,9.22476881831348e-11,9.514522035696736e-11,4.458978979999831e-11,4.5609033321473504e-11,2.5417363387655914e-11,3.947050497752347e-13,6.060621785759717e-11,2.2111705452650635e-11,1.207623770577957e-10,1.8323330566679708e-10,4.712706753827811e-11,3.171430343731019e-11,3.165892614097044e-11,4.9377611744819366e-12,5.376861281721382e-12,1.8437539885070076e-12,1.2978901416738616e-10
cgdl,1.4761734343010861e-09,2.9964861953906927e-10,1.4747309246964032e-09,1.5357049523051593e-09,9.80614547879488e-10,6.858778844108244e-10,1.1849528771368323e-09,6.387997526131014e-11,2.19738259696714e-10,2.8143239955803722e-09,7.429411705166764e-10,1.1313758433198103e-09,4.794026368626246e-10,1.004806697697456e-09,2.5720910008727154e-10,8.216610337771589e-11,2.532749094555787e-10,1.6832389510483416e-10,1.3467966860630656e-09,4.717036084322006e-10
cgdo,1.83547295565602e-10,4.8157240903621654e-11,6.078463735001482e-11,1.457456683919152e-10,3.743601737115432e-10,2.0130678865288687e-10,1.7357441354019744e-10,1.3287554789442254e-10,8.957660796758224e-11,1.1175792085587115e-10,2.9147595454835673e-10,3.06873236440332e-10,6.212581603259992e-11,1.0440061808703886e-12,1.5038410254276439e-10,1.5668875833442798e-10,1.4206170432366825e-10,8.894348813737532e-11,9.783990598706453e-12,2.2487665078778564e-10
ckappas,6.034751988439889,8.988673264999662,5.500969134422444,14.077429736069465,5.142957292969258,18.708329919918764,15.364267218613604,8.689125671607465,6.567256414981396,8.393083995506151,1.8925664216361218,6.392274578970026,5.094732497921861,2.3114023652565123,18.804209364545027,5.499071437851476,0.42208150198477734,6.031978414952228,6.26831239646073,2.9965414546603415
clc,2.0731141868076075e-08,1.5515912790402792e-07,1.1343415074069598e-07,2.9888228824531856e-07,1.8755330341694482e-07,5.2659198631975185e-08,4.5878593143775355e-08,3.519028606078058e-08,1.3866517109943665e-07,1.8202088725836535e-07,4.4429395523948387e-08,1.2949404218890598e-07,1.9753899639856309e-07,1.1605978442159565e-07,1.0843392864715041e-07,2.6215761945009713e-08,2.2942794219409975e-07,6.927453308746694e-08,1.1673166823779786e-07,1.1284261427435002e-07
cle,0.7408504550067048,0.42957040874703667,0.8261724423020165,0.7288744315040327,0.5371671060390689,0.6866806970303819,0.717453938072526,0.7288176416893235,0.2608355651714523,0.24443132793602348,0.7862371438407048,0.49250839845297806,0.713815404850388,0.7935253245917033,0.7307080838518547,0.6226021458881418,0.40395125413065086,0.7939758102942736,0.9688831776334565,0.7743590461448722
dlc,3.218827563130979e-08,4.259634243420292e-08,6.457620604280731e-11,-3.2042624628386047e-08,6.295028367287422e-08,-9.542612211300922e-09,1.4022721117431099e-08,-7.726447738925746e-08,-5.426718489273667e-08,2.6946984907086185e-08,6.522171597981211e-08,4.618566296381386e-08,8.043931379024632e-08,6.200338965512237e-08,-6.771122009950318e-08,-5.0660904145130204e-08,7.179268353186896e-08,-6.655002680155142e-08,1.0045761284860478e-08,-3.157947457773442e-08
drout,1.2098603186775987,1.3565877610727102,0.8608366595306464,1.7124804358121881,1.1798171625704512,1.9441265291655876,1.3337222527784998,1.2099576153497582,1.3306793346140486,1.2939706872953685,0.18668931759211166,0.7596012373954087,1.9058560184542157,0.6057219555192964,1.1974585859181919,1.4310845559302672,1.9301130971576645,1.1453654702397225,1.5165167004216902,1.2288259228860106
dsub,0.6702291389009446,0.8529565222890253,0.31393297429897316,0.49336024498738273,0.4756622877978284,0.5184028286076995,0.3560458400426503,0.48599617836179176,0.5714244477413751,0.3063712952951202,0.6326273655091994,0.5647216211901817,0.4888792601604064,0.5221220107517873,0.41128242849045604,0.6291151571951047,0.6357024862338712,0.5999926594455921,0.5217598236172993,0.3464903459387024
dvt0,13.251266678287713,8.272890339153323,15.706092589968376,0.7435106923910884,2.34947500033448,0.42105730116760554,15.716740691709335,5.8212451521784665,2.6518979884484506,0.30316182053906404,7.953339766307437,8.76947130797227,5.341787478658021,3.2553493555180637,6.364631719883822,0.7977302470122982,7.643996626286733,2.976020432360389,0.5317741064316905,5.347623778101838
dvt0w,1.287610383810509,1.3390810252712995,0.24421942387108908,-0.8314152365837638,1.705251779907095,9.475233220005295,3.9446271211606048,-0.7517299746375705,6.913247125581348,6.577625581577419,7.810420249648411,3.6779561993863625,-0.21799573277223105,2.809875835870886,1.1310962853496007,2.1483825015451306,-0.9561868949224771,2.059062188066362,6.3127905440095,-0.031999460688076575
dvt1,1.233052817880289,1.0955466575261088,0.5349483775382824,0.3610039180228143,0.11254205439802095,1.2481093856358243,0.21761157598137645,1.3945757106395147,1.0755946797308023,1.0724893744590474,1.357695265920722,1.487727974063244,0.5630347776419021,1.0234374510038198,1.2926006094971172,1.0041542115427575,0.7299506736436804,1.3632225224438521,0.7840334993911515,0.7599473196913502
dvt1w,463843.30729287193,1149.6889079832313,66156.32050409309,16.997762515312335,1501114.7421656048,572448.6859402035,57361.675738240236,740128.2065034086,1934875.6579348745,1021716.2162440944,446869.4335110679,3694.4152938536486,0.8571567817670993,41443.88897186799,2126.9687986524655,16454.643390064808,0.8410078996319306,103775.46354902202,691216.1762612021,2926.054268246598
dvt2,-0.048103587306378454,-0.01318421292861259,-0.08091336066297672,0.04560656552206291,0.05515351016695233,-0.019128249513654647,-0.018704063619490868,0.07439793766379132,0.09164238732032384,-0.04576976986025558,-0.09536084911318479,0.07013684448216687,0.01780806253812059,0.04834388005032339,0.07278862003978534,0.036372022202969395,0.013587541506235423,0.11597784952230017,0.08163065808711162,-0.01228557266594986
dvt2w,-0.033342685671369,-0.023807473758326925,-0.006082307622086322,-0.025024139015875958,-0.008630366640983496,-0.044145101685114416,-0.03089797758854503,-0.027510269491350305,-0.016946177972139258,-0.0016186297784400172,-0.045979295797473195,-0.03569656833631543,-0.0013460319139867935,-0.021844928759038786,-0.02984541823313502,-0.009297673683834905,-0.035129551523305436,-0.021004638204214596,-0.034554622633911465,-0.03741715969932208
dwg,9.372661109264886e-08,8.01695061109848e-08,-1.1823547714447039e-08,9.306360095068863e-08,3.633830336564045e-08,5.621268009242336e-08,6.808749733836733e-08,6.77509860254165e-08,7.117203954346823e-08,9.752779000649888e-08,4.8421034318885046e-08,8.631091834265227e-08,3.342822936929454e-08,7.503469774103643e-08,2.854161494580036e-08,7.791628203530073e-08,6.954908412576771e-09,7.122008264816948e-08,1.6243455837299097e-08,6.057906763703367e-08
eta0,0.765737744114402,0.7022415753354064,0.7552564588396464,0.6826998148266274,0.6577934008069058,0.594865364626935,0.038254025994545415,0.5940311351039964,0.8295524994024445,0.38244891648865326,0.22701991295584534,0.9440016347869695,0.9635174183593469,0.9632943531370062,0.9815003891347669,0.6385033627015091,0.717203509246391,0.9113691807478503,0.9912776142205262,0.9811248003383121
etab,-0.15340540251243,-0.48530796788897584,-0.17099248313844306,-0.18512236704949553,-0.484211247692135,-0.18038210374151775,-0.41106247506373594,-0.18907838341376226,-0.1851032009681935,-0.2974299203992724,-0.223842037843775,-0.12288166724578037,-0.26165299500298345,-0.3986039731939694,-0.1896673118293951,-0.1594529516243482,-0.1404141102609331,-0.2839233016750294,-0.4619035776784412,-0.09540980905164437
k1,0.8144457831054619,1.0655023851926488,0.9065191754340628,1.0261291077243107,0.9809444514278053,0.4079005445881467,0.22220205089491554,0.44684442981468586,0.7849603478734772,0.9054701438429517,1.013401649967414,0.11559113036309698,0.07372982774177732,0.6851220511219539,0.518635531342894,0.37169307451993694,0.4618519770706104,0.8069925246136427,0.5232599395366885,0.20251360587842313
k2,0.009922797876395717,0.04628727268226611,0.04782278318813979,0.03191147307364299,-0.01699523148775709,-0.01391602069604047,0.0051230299026922554,-0.015155864565301116,-0.030703284754088584,0.0384601024736166,-0.04543858085009148,0.03336979586811126,-0.01297899868997001,-0.005627057405035982,0.03982146466392855,0.009900738840993684,0.025324787835366847,0.007657434468433366,-0.007903408363720076,-0.033268701440716586
k3,52.03250745003456,-61.706504502180735,-98.24207288059692,7.204036681706327,-18.20178406300228,99.56197239912049,-12.916971777626188,-73.15470975526664,58.164899500093156,92.23778166071003,60.9127968342851,-19.114914243472583,85.41735605454278,-52.18813346390447,-16.06408819049932,74.06972784442738,81.388204995331,80.62130496951266,-94.33526060036448,23.986883546933882
k3b,23.838101673999667,1.5708658002672813,-25.47434105271928,7.758696714418733,-1.1980462135419288,23.958500392061744,0.936109820197359,-6.67479064844504,19.441473530196028,6.291570150884809,2.9311092265163055,-27.448756437353076,-18.469294227917196,20.92598206726143,15.925603358155556,20.754943312617044,22.102092386615,28.33599216748147,-11.36683067018489,28.117751703764434
keta,-0.06405514597314746,-0.026347674454881786,-0.04072312763082789,-0.01490961527568016,-0.02732806267122863,-0.0687895778913103,-0.037607706907292676,-0.05124432668660447,-0.005846539028327727,-0.08906524896940594,-0.005540708406327852,-0.09497172483206129,-0.03755713700196185,-0.03812922761487008,-0.013754767909249233,-0.04959218286657009,-0.08604156067988453,-0.03670072015936886,-0.018624726172620662,-0.0601671870788256
lint,1.3501492853689773e-08,1.908207208025781e-08,-8.27814387938161e-08,1.532915599388858e-08,-3.147507055892966e-08,2.476191695439544e-08,4.414835297524045e-08,-8.788014471927716e-08,8.432757430390484e-08,-8.12577844446921e-08,-5.3191684015135555e-08,8.244562170861066e-08,3.087734081160125e-08,-4.466240599336721e-08,-1.639273863272994e-08,-1.2083516392455467e-08,-6.883397633459711e-09,-2.3730317640126118e-08,7.561620331959077e-08,-1.0813072918906871e-09
ll,6.997170405319567e-14,6.304971542333778e-14,3.2182179931153074e-14,7.129306779747053e-14,6.797838141883684e-14,8.065942014918636e-14,6.137367369113758e-14,6.897992548531844e-14,8.759872246711519e-14,4.536987715826263e-15,9.672834957031638e-15,5.075838768685742e-14,2.7394002748858084e-14,4.2297727384801736e-14,4.37080182512487e-14,4.828703848207553e-14,3.7656686215191073e-14,6.687006966537098e-14,8.103650439563666e-14,7.446347500959341e-14
lwl,7.456417882732621e-20,-5.2526961655922056e-20,3.559684256370032e-20,-9.508236955590674e-20,-5.82530798449465e-20,-6.111001518998191e-20,-9.539828619409106e-20,-6.099474402348202e-20,2.0444150053060228e-20,-1.5786071890390612e-20,6.956806122867144e-20,-6.081790118256501e-20,1.27823681440105e-20,-6.01064232631106e-20,-5.854490588354785e-20,-1.614103133528319e-21,-2.6379107188377202e-20,-1.8179138221236667e-20,-5.7628005629982e-20,-1.5875975114075474e-20
moin,14.792259997740805,7.045003304858506,20.918695127850086,10.104750946320713,19.574430875658507,21.931420742083738,6.737833788685639,20.377818531439484,13.431825482267824,13.095945132058063,13.355057060800839,17.70030003719827,21.84152670214141,15.853466692693983,23.714836411360857,23.62800848674784,12.013509187351953,22.9291271681543,9.142622521206283,15.550685158723354
ndep,6.58625082616611e+18,4.1167230457486e+16,1.644946640606388e+18,2.637033632235631e+18,1.7446033151166188e+18,2.1378937811620692e+18,3.926022881197828e+18,5.102243106973695e+16,5.871001531199417e+18,1.947695419360706e+18,6.87175184141129e+18,4.950786589660036e+18,9.575052168176606e+16,1.4741559306030991e+18,9.788121425112565e+16,1.213524400043043e+18,1.5777248670281981e+18,1.8124268793818698e+18,4.788572943506013e+18,4.9529798704572774e+17
nfactor,2.023159356751253,0.8677282259082721,1.0059435288897443,1.1107550797417673,0.8758871481249925,1.1352707010210252,1.8623408056703539,1.2186438644664246,2.2432441492280004,0.1357251556425408,1.9216704417333608,1.2552198637894674,0.023096547304167492,2.337100628048941,1.3591988855289685,0.5722066631668067,2.426914250026791,2.0029652010714067,1.7476361470096013,2.0056798809523784
ngate,5.352402954762089e+19,1.5518806169744074e+21,1.631783527338892e+21,3.1591257105729674e+21,4.711021886247417e+18,2.546975587199775e+18,1.1361728067901805e+19,2.358616131230572e+24,8.089461230824423e+19,8.446555281201609e+21,1.2536937245508485e+18,7.893170805527056e+21,1.0935378166089093e+22,4.766406937635538e+19,2.935526365897387e+18,1.6428099473087526e+18,6.286281041614703e+22,6.849887902194894e+18,3.067858485998394e+21,6.933788703590341e+24
noff,2.349050356868854,3.438794662780259,1.443161352069792,3.2720507688743146,1.3447447731987563,1.8027513844725833,2.9874802285251176,1.463618874529952,1.3667909652381705,2.5294270359234736,0.48678189102470615,3.0420772865521295,0.8026252286756771,2.3465293674020593,1.454016991727287,1.7191640819486338,2.194579887056799,1.791156901980175,0.6790223243307053,2.176034973764092
pclm,1.133364650039134e-07,0.21528974717023086,3.0169564434945477e-05,3.518679527413779e-05,1.3307251246476268,1.6076796576055838e-07,0.003918623100526215,8.453473880600797e-07,7.328654452680515e-07,1.372293075755185e-06,0.001977651440741845,0.0005513249033972233,0.005703239967488878,0.00019545910697878267,0.19237239163722522,0.00011042578710985436,0.9876181348736187,3.6641012884045514,0.0006383979887581945,2.705673353766883e-06
pdiblc1,0.0005853815246484677,0.057947876789265336,0.37725306900759037,3.98602148234426e-05,0.10043008919034453,5.274644957658426e-05,0.0004217172393662236,0.0017473495900506223,0.02274984405498749,0.003083188047775287,3.8092570451111555e-07,2.121410852307907e-05,0.06505049049572262,0.0002385070318013902,0.00108625476812678,0.0019924844482574295,0.20192146214103607,0.172780746365584,0.0005147687345854856,0.03766875177986008
pdiblc2,0.0056873144832712925,1.7863909053524952e-05,0.0007416203123039849,0.03204158520941213,2.9259892611464307e-06,0.0004352897758640981,0.03282667924377526,0.027580239656821576,4.851649552573306e-06,0.09662795656420856,0.001405453578169916,1.127166936775936e-05,0.007923919316082228,2.6722821730769305e-05,0.015719152159982833,0.062312084508875,0.017069533944603924,0.00017621926235966156,0.00049205720825923,0.07187133512093623
pdiblcb,-0.7128148024522926,-0.054254624538713214,-0.578076990739476,-0.499153967657613,-0.11640965719294871,-0.3724553718208672,-0.31290521954518247,-0.6908544122567609,0.4640665649022935,-0.9165165100621766,-0.5113315951410775,-0.7229823574259193,-0.7314495016903902,-0.8055343423481484,-0.5731764654283446,-0.4994341481518889,-0.3529558258672,-0.3950702762870345,0.006466497001027305,0.1820451317328602
pvag,3.5272257756793657,-0.5280916691555281,2.615812449294414,3.5026167982299032,4.198184591490149,3.2373375898443273,2.5056906120529536,1.8462078136944284,3.8362011365214137,3.189782738159664,2.3469698920746165,0.6570077169571913,-0.7473833179489346,-0.4109547126466472,4.745149086136944,4.0814936243318245,4.963447869910813,0.5959495473262058,2.6440018203616162,1.9145815918268956
rdsw,239.16545979790416,252.53117191770698,1221.3404372512152,1079.185781762647,906.5203356916159,33.02435116409827,1488.1213558391069,2767.46435612658,2137.0555840647985,1271.8533552659069,2981.554533010847,2187.56604611466,279.0266142895361,711.7929580039678,2761.881028389259,348.81040676711984,2054.7456842466286,1316.5971234771546,1276.934947373029,1912.9541694180894
toxp,3.3135437089886426e-09,6.547640870877986e-09,6.463969067719494e-09,7.8702466201022e-09,5.0047843372629165e-09,3.902629065558991e-09,6.915117900795682e-09,5.294538368172891e-09,5.137215673354546e-09,7.767821040869027e-09,3.50031614979495e-09,4.663885642072258e-09,3.460870100374532e-09,6.024098457551491e-09,5.416047558119208e-09,4.70332281558346e-09,4.441198426942434e-09,5.63046251500819e-09,4.288635885680805e-09,6.0592426937334644e-09
u0,235.28068785977143,303.179155911882,335.47917561603407,60.00530406678314,71.09057957110623,11.780048500764165,65.82436644682844,616.1370888255976,55.00133781869497,352.6733551129641,486.88743542919894,618.4481078446212,305.1626103096412,583.5004362469006,396.78864434940823,453.98860900514603,174.34897150408523,699.7998178021597,694.4446247817365,186.97940199217442
ua,1.7689042016324906e-10,-5.850153501223266e-09,-5.5569239581519984e-09,-6.9290911133262135e-09,-9.150901065521853e-09,-7.40601828211359e-10,-6.322191078098259e-09,-2.477199648403852e-09,-1.8758860727718858e-10,-4.749623040430544e-09,-5.030583392943175e-09,-3.409178101617401e-09,-7.862114761054851e-09,-9.037839764401283e-09,1.830826380520938e-10,-4.828818588502679e-09,-8.503404974864441e-09,-8.294821525920902e-09,-5.609067379440851e-09,1.6331344791950166e-09
ub,1.2298948168070161e-18,2.5969843064332934e-19,6.561061843948747e-20,1.4971869201932318e-18,1.3508042722870676e-18,6.252842235996855e-19,1.7889427352559505e-21,1.998848337159432e-18,9.399717327938072e-21,1.3386598332189595e-21,6.429109644513758e-18,3.883525327268607e-19,3.806447403557333e-21,5.913414852264082e-18,8.692800035419725e-20,2.7724732741030392e-21,1.4374593697659635e-20,1.906401765604466e-18,5.238225262030281e-19,1.5705589978226574e-19
uc,9.214259718061314e-09,1.9174980439445224e-10,4.842920463159735e-09,5.169521313501643e-09,2.8104542802470205e-09,6.83515283615856e-09,-9.707230645817355e-09,9.513321496772307e-09,-1.8151687423119684e-09,7.247381599163219e-09,1.0936418313679392e-09,4.122565889142464e-09,6.492759290415354e-09,5.212279777163112e-09,-5.454814223754501e-09,3.868505532821464e-09,8.191107666102492e-09,4.8351332260750765e-09,7.77729393685141e-09,5.158791870268457e-09
voff,-0.13314248146381172,-0.17577424009701798,-0.15514149428222201,-0.07706187626504676,-0.1315762300003363,-0.17905800542812148,-0.042460888869395,-0.1307601967555242,-0.012759280130103773,-0.1651665866736508,-0.12567528338063877,-0.1243444157861984,-0.1013283982492231,-0.007879558500497347,-0.09874103099435534,-0.12995921674592237,-0.09270893487833021,-0.04941036740993182,-0.16431277819300155,-0.09808744611524314
voffcv,-0.17780312124084963,0.06475716105509277,-0.09078132226697455,0.16814284962423198,0.4386878610226572,0.4052264266244411,-0.2802095624661649,0.28348159197520795,-0.31268313131223735,-0.12059662809098048,0.4944063437759817,-0.09584682093007074,-0.13461066627891005,-0.4643774669877489,-0.24554906336226057,0.18385493453778956,0.016269589524772865,-0.37189887657034426,0.36478141898858196,0.3460532255252843
voffl,-5.7527124955762374e-08,-6.941520252190854e-09,-4.436715954615679e-08,3.559357790674032e-10,-2.1952088551198894e-09,2.85838110371449e-09,-7.961394008065544e-08,-9.514369804168778e-08,-3.0825279349759325e-08,-2.0568814069017876e-08,-6.737057708209645e-08,-7.07197534295556e-08,-1.5074538742492193e-08,-7.272234700744213e-08,-5.039890676722469e-08,8.288637058649828e-09,9.759880778601821e-09,4.8132583367932975e-09,-3.1784618558302266e-09,-8.523158574053973e-08
vsat,17592.882374745062,8625.123054885667,20536.244222865666,96570.46241261835,140450.1332215961,62423.120744423555,54314.528833696204,41247.99212048741,52457.29772341792,7770.367184697893,97587.14276554127,215923.32621870248,73213.83643221739,6293.3649124082385,24582.908307145313,111403.42873995034,142918.7015738379,140113.67583012342,7533.26023956463,205997.0654561684
vth0,1.413725625884347,1.3237802175256523,1.2825321257707518,1.6533129599110294,0.02048225047214247,0.8653777153330622,0.8155979059960905,0.5077085022448902,0.6361009294627751,1.493969765495613,0.15153053701961383,1.7248698680835588,1.0129289687556349,0.9933248482382799,1.940094092634944,0.8919624254216805,1.9114401499635751,0.6849700867752402,1.4102343938175306,1.095594473455907
w0,5.427788112963207e-11,9.510124677434696e-07,3.2258767788872224e-07,6.722101706049029e-07,1.471596938847207e-09,5.853168697681933e-10,1.1553621996293088e-08,1.8162145619509397e-09,3.8313088605721255e-06,2.7705709837782167e-06,3.6318941562467656e-10,1.9558929537343219e-07,1.5475301100059487e-09,3.30993289882955e-06,5.677045926013713e-07,1.0732364902367269e-09,1.97732974742541e-09,3.925434291318661e-06,2.18526385873985e-06,3.5369589255395482e-09
wint,-2.9004389569044828e-08,-6.065420224515121e-08,9.506521864880991e-08,-1.2976759914948072e-08,-6.726400058508736e-08,-2.3237149401582618e-08,-2.4744411102598303e-08,-3.774539726007908e-08,-9.543038048242931e-08,-6.848859527706797e-08,-5.4102008155558176e-08,3.982857600407479e-08,4.3500610276161753e-08,1.0648233050207226e-07,-3.8075987745377845e-08,-6.617693415163253e-08,-8.047329767945136e-08,-8.77965819883042e-08,4.1418147385423746e-08,-5.492492714425683e-09
ww,-5.8673114775394e-16,-3.296566715631524e-15,-4.77250191990477e-14,-2.5633357314204165e-14,-3.736526464550084e-14,-6.082984424786008e-14,-8.185845627157355e-14,-1.0194148676647161e-14,-8.324849623489823e-15,-7.229308188397864e-14,-9.795148403345177e-14,-5.390665700187268e-14,-1.76198485348127e-14,-6.881102905690276e-14,-3.249324415638259e-15,-1.0543642338714254e-14,-8.880853490433967e-15,-7.348870354731274e-14,-4.920924961125574e-14,-5.1880926733028605e-14
wwl,2.5215983202446896e-20,3.0414667418080605e-20,4.130068235502209e-20,3.0217022762716594e-20,-3.168055436863748e-20,8.674996984819502e-20,1.2574613355328619e-20,1.999241902006913e-21,-5.279565441906915e-20,-6.4303433694926004e-21,2.3682462165135434e-20,6.246654259889618e-20,9.601172089122866e-20,8.76125709267263e-20,-2.3976328573857212e-20,6.805283016601087e-20,-3.0057324632132955e-20,-2.5375375286956565e-20,8.480658930410913e-20,2.1262634843246674e-20
xpart,0.5431443871662437,0.8432892840369474,0.6231368423340959,0.9104095290409815,0.39453313968689596,0.3401363845159918,0.14616061783777506,0.5623170229821948,0.7992728142319521,0.4468320462979487,0.14434960531433677,0.8093951327609132,0.852357433384212,0.07299710172096441,0.3629101664900066,0.8010466257014348,0.8944494974530766,0.2958276499786966,0.06284168096909326,0.5132406525070983
