freq,magnitude,phase
1.0,16.79081904360001,179.83512940859873
1.02329299,16.79081735749747,179.83128910115107
1.04712855,16.79081557530885,179.82735934270266
1.07151931,16.790813725934452,179.823338050164
1.0964782,16.790811775610585,179.81922309192655
1.12201845,16.79080974103272,179.81501228597688
1.14815362,16.790807613954428,179.81070339920356
1.17489755,16.790805386332227,179.80629414789547
1.20226443,16.790803050336216,179.80178219442462
1.23026877,16.79080059835947,179.7971651472451
1.25892541,16.790798035598314,179.79244055704712
1.28824955,16.79079535492406,179.7876059203215
1.31825674,16.79079254946513,179.7826586738355
1.34896288,16.79078961261888,179.77759619380285
1.38038426,16.790786525494322,179.77241579721127
1.41253754,16.790783307200044,179.76711473815695
1.44543977,16.790779926880685,179.76169020471633
1.47910839,16.790776391706565,179.75613932291643
1.51356125,16.79077269661947,179.75045914877649
1.54881662,16.790768811776765,179.74464667204268
1.58489319,16.790764757981414,179.73869881007906
1.6218101,16.790760506149198,179.73261241074698
1.65958691,16.790756052739855,179.72638424714188
1.69824365,16.79075139463818,179.72001101769942
1.73780083,16.790746516606436,179.71348934329254
1.77827941,16.7907414038715,179.7068157684361
1.81970086,16.79073604215174,179.69998675299288
1.86208714,16.790730442810506,179.69299867886272
1.90546072,16.790724580043012,179.68584784117752
1.9498446,16.790718428605892,179.67853044788154
1.99526231,16.790712001544993,179.6710426228122
2.04173794,16.79070526225047,179.66338039498984
2.08929613,16.79069821245969,179.65553970354011
2.13796209,16.79069081687883,179.64751639231238
2.18776162,16.79068307862611,179.63930620785905
2.23872114,16.790674988988048,179.63090479995984
2.29086765,16.790666502321955,179.62230771383463
2.34422882,16.790657624067272,179.61351039386457
2.39883292,16.790648322807527,179.60450817651895
2.45470892,16.790638580582048,179.59529629084003
2.51188643,16.79062839292954,179.5858698543577
2.57039578,16.79061770608743,179.5762238709168
2.63026799,16.790606530156357,179.56635322857514
2.6915348,16.790594826029064,179.55625269666226
2.7542287,16.79058256828673,179.54591692130552
2.81838293,16.79056972011214,179.53534042415015
2.8840315,16.79055628361576,179.52451760336635
2.95120923,16.790542211923,179.51344272065924
3.01995172,16.79052747206642,179.5021099086869
3.09029543,16.790512032488458,179.49051316127247
3.16227766,16.79049587567066,179.47864633497554
3.23593657,16.79047894793497,179.46650313944775
3.31131121,16.790461234918368,179.45407714355358
3.38844156,16.790442673678566,179.44136176167765
3.4673685,16.7904232533164,179.42835025830013
3.54813389,16.79040290194545,179.4150357374241
3.63078055,16.790381599890836,179.40141114738424
3.71535229,16.790359291805345,179.38746927004317
3.80189396,16.79033593703962,179.37320271912523
3.89045145,16.790311472031533,179.3586039375134
3.98107171,16.790285860689178,179.3436651933518
4.07380278,16.790259044225426,179.32837857386332
4.16869383,16.79023096641203,179.31273598129042
4.26579519,16.790201561122572,179.2967291326781
4.36515832,16.790170765041175,179.28034954833265
4.46683592,16.790138530345086,179.26358855782786
4.5708819,16.79010476201655,179.24643728220826
4.67735141,16.790069418520396,179.22888664403837
4.78630092,16.790032398853707,179.2109273468186
4.89778819,16.78999363066982,179.19254988330204
5.01187234,16.789953045310774,179.17374452668722
5.12861384,16.789910540288894,179.15450131612647
5.2480746,16.789866042262524,179.13481007826752
5.37031796,16.789819444465927,179.11466037962526
5.49540874,16.78977064452567,179.0940415631809
5.62341325,16.789719544737927,179.0729427126649
5.75439937,16.789666052234086,179.05135266907055
5.88843655,16.78961002896128,179.02926000838687
6.02559586,16.789551354790394,179.0066530314846
6.16595002,16.789489927664235,178.98351979735034
6.30957344,16.78942561369827,178.95984806740657
6.45654229,16.78935825998666,178.9356253147381
6.60693448,16.789287732551717,178.91083873665082
6.76082975,16.78921389155753,178.88547522664098
6.91830971,16.78913656646944,178.8595213707986
7.07945784,16.78905559404025,178.8329634604723
7.2443596,16.788970818757534,178.80578745067714
7.41310241,16.78888204280757,178.7779789860421
7.58577575,16.788789076775082,178.74952338221598
7.76247117,16.788691740123202,178.7204055925311
7.94328235,16.788589823740352,178.69061024359712
8.12830516,16.788483090422435,178.6601216095962
8.31763771,16.788371350851364,178.62892358185894
8.51138038,16.788254338151127,178.5969997070563
8.7096359,16.78813180919387,178.56433311906628
8.91250938,16.78800350713707,178.53090659889168
9.12010839,16.787869174744877,178.49670250976052
9.33254301,16.78772850455293,178.46170281256164
9.54992586,16.787581214929013,178.42588905306056
9.77237221,16.787426987813635,178.3892423501662
10.0,16.78726550702861,178.35174340167404
10.2329299,16.787096408743047,178.31337244897773
10.4712855,16.786919357547006,178.2741092902528
10.7151931,16.786733971810865,178.2339332483837
10.964782,16.786539849548223,178.1928231742785
11.2201845,16.786336594307212,178.15075745081603
11.4815362,16.786123765806778,178.1077139561765
11.7489755,16.785900918555313,178.06367005353385
12.0226443,16.785667577498767,178.01860260063967
12.3026877,16.78542325161774,177.97248792591733
12.5892541,16.785167434918566,177.9253018184574
12.8824955,16.784899569763205,177.87701950872776
13.1825674,16.7846191107416,177.8276156813788
13.4896288,16.78432543791282,177.7770644266156
13.8038426,16.784017958480625,177.7253392626705
14.1253754,16.783696007473953,177.67241309955156
14.4543977,16.783358899402504,177.61825822382875
14.7910839,16.78300594195653,177.5628463242974
15.1356125,16.782636387332005,177.50614843365406
15.4881662,16.782249433637592,177.4481349243105
15.8489319,16.781844289254664,177.38877551462937
16.218101,16.781420098954168,177.32803924333493
16.5958691,16.780975945661762,177.26589443951337
16.9824365,16.780510914781942,177.20230876237662
17.3780083,16.78002403363432,177.13724910267157
17.7827941,16.779514247581773,177.07068164306287
18.1970086,16.778980510448473,177.0025718069203
18.6208714,16.778421685761415,176.93288424387833
19.0546072,16.777836599066248,176.8615828400168
19.498446,16.777224027905,176.78863065720674
19.9526231,16.77658266593308,176.7139899615326
20.4173794,16.775911200916056,176.63762221037177
20.8929613,16.775208191690677,176.55948797169805
21.3796209,16.774472170936747,176.47954698608518
21.8776162,16.773701585094457,176.39775811624105
22.3872114,16.772894847679602,176.3140793241156
22.9086765,16.77205024118682,176.2284676595463
23.4422882,16.771166008077934,176.14087927661961
23.9883292,16.770240304080048,176.0512693504244
24.5470892,16.769271175479556,175.9595921262966
25.1188643,16.768256600635063,175.8658008724628
25.7039578,16.767194468201083,175.76984786189223
26.3026799,16.766082555188714,175.67168437675676
26.915348,16.764918556164204,175.5712606698388
27.542287,16.76370002387091,175.46852594728895
28.1838293,16.762424423365786,175.36342838174292
28.840315,16.7610891235599,175.25591508553572
29.5120923,16.759691313297115,175.14593205651317
30.1995172,16.75822813122744,175.0334242385826
30.9029543,16.75669650664424,174.91833542979214
31.6227766,16.755093277293717,174.80060831739306
32.3593657,16.753415118143945,174.6801844548318
33.1131121,16.751658571510195,174.55700424472138
33.8844156,16.74982001392135,174.43100692366008
34.673685,16.74789562322914,174.3021305340664
35.4813389,16.74588145896751,174.1703119671952
36.3078055,16.743773379337355,174.0354869071673
37.1535229,16.741567033593064,173.89758982658603
38.0189396,16.73925790536351,173.75655398210088
38.9045145,16.736841279348976,173.61231143893264
39.8107171,16.73431219689307,173.46479299721062
40.7380278,16.73166549810816,173.31392827005672
41.6869383,16.72889579038246,173.15964560405422
42.6579519,16.72599743993457,173.0018721378814
43.6515832,16.722964564703176,172.8405337822293
44.6683592,16.7197910271749,172.6755552037141
45.708819,16.716470413566846,172.5068598514206
46.7735141,16.712996013436047,172.33436995234385
47.8630092,16.709360861934854,172.15800656563815
48.9778819,16.705557631376568,171.97768948940947
50.1187234,16.701578735154442,171.7933374105192
51.2861384,16.697416231469322,171.6048678177101
52.480746,16.693061813814168,171.41219703451102
53.7031796,16.688506862497746,171.21524037593397
54.9540874,16.683742349042692,171.01391197580972
56.2341325,16.67875888759657,170.80812491309976
57.5439937,16.67354668616167,170.59779119684092
58.8843655,16.668095539403343,170.38282211726764
60.2559586,16.662394814360887,170.16312781574575
61.6595002,16.656433431933127,169.93861752208056
63.0957344,16.65019984701385,169.70919978274276
64.5654229,16.64368207422182,169.47478239417023
66.0693448,16.63686758531558,169.23527225782865
67.6082975,16.629743382317738,168.99057586619472
69.1830971,16.622295930016115,168.74059918270044
70.7945784,16.614511150567278,168.48524758585938
72.443596,16.606374416798847,168.2244262354117
74.1310241,16.597870515900222,167.95804004600592
75.8577575,16.58898366481359,167.68599363488352
77.6247117,16.579697423953682,167.40819189831117
79.4328235,16.569994775127622,167.12453951205458
81.2830516,16.559858034559717,166.83494175271602
83.1763771,16.54926885819726,166.53930405141594
85.1138038,16.538208235376363,166.23753257209236
87.096359,16.52665646191393,165.92953414151535
89.1250938,16.51459309813482,165.61521649647196
91.2010839,16.501997029961814,165.29448852395288
93.3254301,16.488846365665374,164.9672604910594
95.4992586,16.475118474004184,164.63344397719453
97.7237221,16.460789959462623,164.29295259034933
100.0,16.44583666619379,163.94570185003641
102.329299,16.430233626550244,163.59160932416623
104.712855,16.413955111258993,163.23059541544762
107.151931,16.39697454693715,162.86258300561428
109.64782,16.379264595850138,162.48749823871222
112.201845,16.36079708027362,162.10527065577017
114.815362,16.341543009183543,161.71583336774486
117.489755,16.321472603278927,161.31912343663865
120.226443,16.300555245108384,160.91508249288495
123.026877,16.27875953087859,160.50365659244667
125.892541,16.256053251144735,160.08479706422023
128.824955,16.23240341571137,159.65846038586278
131.825674,16.20777627169026,159.22460912202993
134.896288,16.182137275054156,158.78321176938573
138.038426,16.155451205062764,158.33424329389734
141.253754,16.127682119592844,157.8776858215748
144.543977,16.098793363388882,157.4135285690791
147.910839,16.068747689600343,156.94176873624934
151.356125,16.03750720839612,156.46241134335062
154.881662,16.005033503152564,155.9754701033082
158.489319,15.97128762054421,155.4809674560238
162.18101,15.936230150608653,154.97893525734236
165.958691,15.899821290257686,154.4694148391588
169.824365,15.862020873378171,153.95245778542196
173.780083,15.822788486075638,153.42812577901304
177.827941,15.782083481842813,152.89649106197373
181.970086,15.73986509251217,152.35763713808842
186.208714,15.696092552401694,151.81165862235682
190.546072,15.650725052594732,151.25866156672328
194.98446,15.603722003042487,150.69876372012217
199.526231,15.555042979784668,150.13209487970792
204.173794,15.504647918124892,149.55879684595732
208.929613,15.452497174956106,148.97902344533844
213.796209,15.39855165052696,148.39294089215122
218.776162,15.34277286372462,147.80072762639625
223.872114,15.285123108730971,147.2025743337788
229.086765,15.225565541982355,146.59868375660696
234.422882,15.16406431792781,145.98927088798123
239.883292,15.100584683574585,145.37456231917423
245.470892,15.035093080780118,144.75479659006345
251.188643,14.967557277749675,144.13022321166406
257.039578,14.897946517102671,143.50110283116987
263.026799,14.826231541737219,142.86770678338397
269.15348,14.752384779492191,142.2303162809284
275.42287,14.676380401866137,141.5892224200673
281.838293,14.598194449991166,140.94472492532
288.40315,14.517804877748034,140.29713227631206
295.120923,14.43519172632308,139.64676056701796
301.995172,14.350337119287975,138.99393277619802
309.029543,14.26322536954311,138.33897823571775
316.227766,14.173843030416569,137.68223176861022
323.593657,14.082178988471256,137.0240325572166
331.131121,13.988224484741922,136.36472387231262
338.844156,13.891973117532604,135.70465169533495
346.73685,13.793420912937995,135.0441637732465
354.813389,13.692566346015894,134.3836092303735
363.078055,13.589410318063207,133.7233369578959
371.535229,13.483956189695066,133.06369523316548
380.189396,13.376209698006228,132.4050306399859
389.045145,13.2661790134839,131.7476869552211
398.107171,13.153874655936848,131.092004558649
407.380278,13.039309479673724,130.43831918027192
416.869383,12.922498590127114,129.78696161365565
426.579519,12.803459299913483,129.13825638897163
436.515832,12.682211060464839,128.49252125924784
446.683592,12.558775373661673,127.85006643148391
457.08819,12.433175689042438,127.21119381390947
467.735141,12.305437411000689,126.57619650942821
478.630092,12.175587641695422,125.94535784821961
489.778819,12.043655225494376,125.31895158010121
501.187234,11.909670533584254,124.69724085453107
512.861384,11.773665427813459,124.0804778052012
524.80746,11.635673154451517,123.46890325026408
537.031796,11.495728117272579,122.86274667070357
549.540874,11.353865958425061,122.26222533305916
562.341325,11.210123249216274,121.66754491694046
575.439937,11.064537475179328,121.07889867130244
588.843655,10.917146918263436,120.49646779271461
602.559586,10.76799055748312,119.92042085863368
616.595002,10.617107880982656,119.35091461742563
630.957344,10.464538868869859,118.78809329421284
645.654229,10.310323852932878,118.23208890299841
660.693448,10.154503418135633,117.683021995065
676.082975,9.99711827129822,117.1410007612858
691.830971,9.838209242386819,116.60612191553341
707.945784,9.67781708966915,116.07847138498435
724.43596,9.515982508174021,115.55812296040475
741.310241,9.352745955589292,115.04514104495199
758.577575,9.188147701223784,114.53957848261801
776.247117,9.022227636757279,114.04147828235958
794.328235,8.85502525921741,113.55087401715292
812.830516,8.686579632034555,113.06778946072576
831.763771,8.516929378270394,112.59223978438203
851.138038,8.346112462453206,112.12423130398582
870.96359,8.17416633502148,111.66376197338822
891.250938,8.001127808616038,111.210822073104
912.010839,7.827032972467861,110.76539442748745
933.254301,7.651917305363063,110.32745467803598
954.992586,7.475815449833956,109.896972019743
977.237221,7.298761440965746,109.47390902539182
1000.0,7.120788368173919,109.05822279830087
1023.29299,6.94192874923425,108.64986443953151
1047.12855,6.762214106528763,108.24878029443305
1071.51931,6.581675329982611,107.85491156353785
1096.4782,6.4003423977203795,107.46819516899475
1122.01845,6.218244459337164,107.08856393587894
1148.15362,6.035409923299099,106.71594678734253
1174.89755,5.851866373579884,106.35026913232345
1202.26443,5.667640563852677,105.99145323299496
1230.26877,5.4827584053150815,105.63941852477771
1258.92541,5.297245133393118,105.29408160140204
1288.24955,5.111125032719372,104.9553570345924
1318.25674,4.924421691175146,104.62315708695253
1348.96288,4.737158007134522,104.29739205750379
1380.38426,4.549356043719521,103.97797069763045
1412.53754,4.36103708059839,103.6648005229143
1445.43977,4.172221715798451,103.35778764178423
1479.10839,3.982929843859113,103.05683720040882
1513.56125,3.793180679716319,102.76185341300327
1548.81662,3.602992748644125,102.47273994322026
1584.89319,3.4123838699107045,102.18939991296698
1621.8101,3.2213712775735344,101.91173608053815
1659.58691,3.0299714565239197,101.6396510978876
1698.24365,2.8382004635172002,101.37304729177887
1737.80083,2.6460736101997817,101.11182725474906
1778.27941,2.4536056238798505,100.85589371788787
1819.70086,2.2608108437022025,100.60514943139962
1862.08714,2.0677027847867375,100.35949795172574
1905.46072,1.8742947424544507,100.11884273231666
1949.8446,1.6805991717059674,99.88308831782676
1995.26231,1.4866284131776066,99.65213927974845
2041.73794,1.292393924413374,99.4259014096402
2089.29613,1.0979069898603866,99.20428091404678
2137.96209,0.9031783844589971,98.9871847821552
2187.76162,0.7082184001352494,98.77452095790998
2238.72114,0.5130368823783535,98.56619832874982
2290.86765,0.31764336510718216,98.3621265817969
2344.22882,0.1220468976615177,98.16221643200113
2398.83292,-0.07374371520978894,97.96637957133926
2454.70892,-0.2697201248549207,97.77452872437698
2511.88643,-0.46587431002777535,97.58657765733318
2570.39578,-0.6621985794302742,97.40244126779166
2630.26799,-0.8586855692863847,97.22203548230415
2691.5348,-1.0553281972419,97.04527735553887
2754.2287,-1.2521197146370644,96.87208506050936
2818.38293,-1.449053633021208,96.70237788989469
2884.0315,-1.6461237489361247,96.53607621513528
2951.20923,-1.843324117897931,96.37310160770264
3019.95172,-2.040649043199764,96.21337674200124
3090.29543,-2.2380930867668685,96.05682543907614
3162.27766,-2.4356510293732065,95.90337263592063
3235.93657,-2.633317876581896,95.75294439840044
3311.31121,-2.8310888591939554,95.60546791611469
3388.44156,-3.0289594026897033,95.46087148582437
3467.3685,-3.2269251364441254,95.31908451510262
3548.13389,-3.4249818731094557,95.18003748162536
3630.78055,-3.6231256178282205,95.04366197826653
3715.35229,-3.8213525345632107,94.90989063195605
3801.89396,-4.0196589558479285,94.77865716047212
3890.45145,-4.218041405127531,94.64989629370132
3981.07171,-4.4164965143768375,94.52354380852655
4073.80278,-4.615021074918477,94.39953648556181
4168.69383,-4.813612045399759,94.27781209226201
4265.79519,-5.012266509746276,94.15830940306975
4365.15832,-5.210981642389711,94.04096811039685
4466.83592,-5.409754793044992,93.92572889332209
4570.8819,-5.608583382766565,93.81253331789884
4677.35141,-5.807465000917165,93.70132389727661
4786.30092,-6.006397306053942,93.59204399180852
4897.78819,-6.20537806813168,93.48463785535922
5011.87234,-6.4044051425690585,93.37905056828949
5128.61384,-6.60347653001203,93.27522807987565
5248.0746,-6.802590252977227,93.17311711750507
5370.31796,-7.001744484353598,93.0726651993957
5495.40874,-7.200937433434288,92.97382061556164
5623.41325,-7.400167417381441,92.87653242832583
5754.39937,-7.599432816661926,92.78075038722768
5888.43655,-7.798732106515675,92.68642498984109
6025.59586,-7.99806380518397,92.5935073966852
6165.95002,-8.197426524082521,92.50194946186421
6309.57344,-8.396818887481635,92.41170365642269
6456.54229,-8.596239672651675,92.32272310089785
6606.93448,-8.795687610496577,92.23496150840957
6760.82975,-8.995161572468648,92.14837319550708
6918.30971,-9.194660433138534,92.06291302512486
7079.45784,-9.394183167932349,91.97853643630039
7244.3596,-9.593728728783123,91.8951993632227
7413.10241,-9.793296195989651,91.81285826039316
7585.77575,-9.992884622202114,91.73147005451848
7762.47117,-10.192493190287308,91.65099217684676
7943.28235,-10.392121049070987,91.57138246544095
8128.30516,-10.591767389266538,91.49259919281049
8317.63771,-10.791431500532124,91.41460104784423
8511.38038,-10.99111265159327,91.337347096178
8709.6359,-11.190810204987013,91.26079677972234
8912.50938,-11.390523458215604,91.18490987426235
9120.10839,-11.590251891003401,91.10964650119716
9332.54301,-11.789994840497327,91.03496707209553
9549.92586,-11.989751855270539,90.9608323011504
9772.37221,-12.189522322887438,90.88720315875092
10000.0,-12.38930583981459,90.81404087961978
10232.9299,-12.58910193176126,90.74130691889964
10471.2855,-12.78891015031382,90.66896294808885
10715.1931,-12.98873006806515,90.59697082331114
10964.782,-13.18856135272738,90.52529258805455
11220.1845,-13.388403649309213,90.45389042513511
11481.5362,-13.58825657024056,90.38272665884962
11748.9755,-13.78811985503644,90.31176373226307
12022.6443,-13.987993205502725,90.2409641752487
12302.6877,-14.187876320075464,90.17029060446326
12589.2541,-14.387768979648648,90.09970569125713
12882.4955,-14.587670959927074,90.02917214623915
13182.5674,-14.787582074730913,89.95865270013992
13489.6288,-14.98750207997504,89.88811008452981
13803.8426,-15.187430814396174,89.81750701411923
14125.3754,-15.387368208143466,89.74680616283922
14454.3977,-15.587314031545404,89.67597015257249
14791.0839,-15.78726819727688,89.60496152705977
15135.6125,-15.987230669279711,89.53374272965125
15488.1662,-16.18720124682241,89.46227610208904
15848.9319,-16.38718000660732,89.39052383340484
16218.101,-16.58716681229919,89.31844797558445
16595.8691,-16.787161654291513,89.24601039820361
16982.4365,-16.987164548641193,89.17317277491874
17378.0083,-17.18717542196632,89.099896585041
17782.7941,-17.387194431103485,89.02614303609073
18197.0086,-17.587221474256715,88.95187312585848
18620.8714,-17.787256710017164,88.87704754788442
19054.6072,-17.98730018789604,88.80162671046413
19498.446,-18.18735199018878,88.72557071181376
19952.6231,-18.387412251432934,88.64883930333136
20417.3794,-18.587481034024197,88.57139190687604
20892.9613,-18.787558564645096,88.49318752356936
21379.6209,-18.987644887565015,88.41418479785283
21877.6162,-19.18774033914129,88.3343419214566
22387.2114,-19.387845039233508,88.25361665731789
22908.6765,-19.587959221629745,88.17196630857593
23442.2882,-19.788083104975467,88.08934768963243
23988.3292,-19.98821700629869,88.00571709234417
24547.0892,-20.18836114352377,87.92103030711702
25118.8643,-20.388515873753903,87.83524253207996
25703.9578,-20.588681493470794,87.74830842016948
26302.6799,-20.788858371963617,87.66018201194875
26915.348,-20.989046871741003,87.57081670986517
27542.287,-21.189247408280497,87.48016528465638
28183.8293,-21.389460386656967,87.38817983970822
28840.315,-21.58968626579324,87.29481175513037
29512.0923,-21.789925526908075,87.2000117125749
30199.5172,-21.990178670623365,87.10372963157006
30902.9543,-22.190446237713765,87.00591466600035
31622.7766,-22.390728799400073,86.90651516922551
32359.3657,-22.591026947346773,86.80547865886773
33113.1121,-22.791341307676902,86.70275181197427
33884.4156,-22.991672545651806,86.59828042750446
34673.685,-23.19202138459009,86.49200937474073
35481.3389,-23.392388526367608,86.38388261487266
36307.8055,-23.59277477151562,86.273843139019
37153.5229,-23.79318094250559,86.16183292657396
38018.9396,-23.993607880242195,86.04779296372105
38904.5145,-24.194056482719756,85.93166316852933
39810.7171,-24.394527722272127,85.81338237985513
40738.0278,-24.59502259196022,85.69288830992677
41686.9383,-24.795542106928558,85.57011759134315
42657.9519,-24.996087412797735,85.44500557915127
43651.5832,-25.19665961407364,85.31748652400607
44668.3592,-25.39725996360035,85.18749337914203
45708.819,-25.597889685245107,85.05495785077531
46773.5141,-25.798550144013266,84.9198103104255
47863.0092,-25.999242713431588,84.78197985128689
48977.8819,-26.19996887077493,84.64139411944363
50118.7234,-26.400730147161365,84.4979794160234
51286.1384,-26.60152814268656,84.35166057580102
52480.746,-26.802364527591884,84.2023609635014
53703.1796,-27.003241102125624,84.0500023911337
54954.0874,-27.204159668387824,83.89450519572227
56234.1325,-27.405122208170813,83.73578805494253
57543.9937,-27.60613071472271,83.57376807349628
58884.3655,-27.807187319118498,83.40836064651698
60255.9586,-28.00829426345753,83.23947949526624
61659.5002,-28.209453868897768,83.06703659532215
63095.7344,-28.410668569963576,82.89094214801676
64565.4229,-28.611940930665995,82.7111045178252
66069.3448,-28.813273616428738,82.52743021662856
67608.2975,-29.01466946070812,82.3398238367167
69183.0971,-29.216131341936812,82.1481880981332
70794.5784,-29.41766237449634,81.95242361331658
72443.596,-29.619265740156443,81.75242910227134
74131.0241,-29.82094483782746,81.54810111624178
75857.7575,-30.022703158357977,81.33933412701518
77624.7117,-30.22454442297512,81.12602045620689
79432.8235,-30.426472452001843,80.90805024971476
81283.0516,-30.62849128225038,80.68531138065295
83176.3771,-30.830605181765467,80.4576894141013
85113.8038,-31.032818543458713,80.22506764594935
87096.359,-31.235135953548806,79.98732703287662
89125.0938,-31.437562332147596,79.74434594202708
91201.0839,-31.640102673666206,79.49600051250653
93325.4301,-31.84276231316329,79.24216421169226
95499.2586,-32.04554675728099,78.9827080506012
97723.7221,-32.248461840891,78.71750040838072
100000.0,-32.45151361644773,78.44640704764272
102329.299,-32.65470841627226,78.1692910991421
104712.855,-32.85805288158697,77.88601291550323
107151.931,-33.06155392331761,77.59643013859072
109647.82,-33.26521879679656,77.30039766711405
112201.845,-33.46905513757264,76.99776737847542
114815.362,-33.6730708533245,76.68838849299289
117489.755,-33.87727419565365,76.37210727484087
120226.443,-34.08167385301826,76.04876698547677
123026.877,-34.28627892186098,75.71820791850764
125892.541,-34.49109882434954,75.38026741217736
128824.955,-34.696143455701275,75.03477981825304
131825.674,-34.901423195623295,74.68157625586123
134896.288,-35.10694879154156,74.32048494320165
138038.426,-35.312731613353094,73.95133081248514
141253.754,-35.518783436996856,73.57393577494015
144543.977,-35.72511651319279,73.188118720198
147910.839,-35.93174379609511,72.79369504513194
151356.125,-36.13867867972262,72.39047734085202
154881.662,-36.3459352243069,71.97827474707603
158489.319,-36.553528099445835,71.5568932811357
162181.01,-36.76147251476803,71.12613613144471
165958.691,-36.96978459072006,70.68580268629141
169824.365,-37.178480846143756,70.23568981986108
173780.083,-37.38757876948632,69.77559084547316
177827.941,-37.59709646232051,69.30529625529734
181970.086,-37.80705287315574,68.8245932665785
186208.714,-38.017467684251386,68.33326636238436
190546.072,-38.22836156255009,67.83109664875586
194984.46,-38.439755917230784,67.31786268705149
199526.231,-38.651673164766244,66.79333987634037
204173.794,-38.86413655145048,66.25730125146266
208929.613,-39.0771703595835,65.70951688684642
213796.209,-39.29079993987928,65.14975420970833
218776.162,-39.505051625423256,64.57777827717031
223872.114,-39.71995283308054,63.99335193876449
229086.765,-39.93553212631881,63.396235538036024
234422.882,-40.15181921311503,62.78618758222897
239883.292,-40.36884499365394,62.16296456804475
245470.892,-40.58664161383958,61.52632132724884
251188.643,-40.80524249572984,60.87601103991508
257039.578,-41.024682373552565,60.211785692319886
263026.799,-41.24499732259008,59.53339605921996
269153.48,-41.466224822604985,58.84059219693065
275422.87,-41.68840379544271,58.13312334809584
281838.293,-41.91157461015629,57.41073883189217
288403.15,-42.13577916145732,56.673187506109784
295120.923,-42.361060912535606,55.92021893371616
301995.172,-42.58746485494964,55.15158314145974
309029.543,-42.81503766339826,54.36703126027279
316227.766,-43.04382763835236,53.566315872883735
323593.657,-43.27388479289474,52.74919134713552
331131.121,-43.50526085178211,51.91541451317708
338844.156,-43.738009299743126,51.0647447938419
346736.85,-43.97218541294834,50.19694482758461
354813.389,-44.20784627312167,49.31178123106095
363078.055,-44.44505080981277,48.40902474737497
371535.229,-44.683859792157286,47.48845086775422
380189.396,-44.92433589801333,46.54984094247684
389045.145,-45.16654362957004,45.5929819586201
398107.171,-45.41054946638182,44.61766792090537
407380.278,-45.656421757140805,43.62369993603005
416869.383,-45.904230732292596,42.61088747697284
426579.519,-46.1540485742685,41.57904843850453
436515.832,-46.405949316372705,40.52801042092673
446683.592,-46.660008905263055,39.45761106274089
457088.19,-46.91630507781905,38.36769922760625
467735.141,-47.17491749508211,37.25813529506112
478630.092,-47.435927547131996,36.128792467224706
489778.819,-47.699418371302336,34.97955693841494
501187.234,-47.965474827438676,33.81032936886992
512861.384,-48.23418342675697,32.62102490187152
524807.46,-48.50563223094001,31.41157508728618
537031.796,-48.7799108222907,30.18192764600589
549540.874,-49.05711018777681,28.93204751024984
562341.325,-49.3373226800086,27.661917929957465
575439.937,-49.620641822488565,26.371541294705718
588843.655,-49.90716232248788,25.0609394141427
602559.586,-50.19697980472307,23.730154151121035
616595.002,-50.49019084852533,22.379249050715323
630957.344,-50.786892722019786,21.008308908530022
645654.229,-51.08718328356281,19.61744115321493
660693.448,-51.391160864871814,18.20677595219022
676082.975,-51.698924025365365,16.776466885941186
691830.971,-52.010571486468336,15.32669155266304
707945.784,-52.32620188585473,13.857651726634531
724435.96,-52.64591357638456,12.369573810893618
741310.241,-52.96980450907276,10.862709084322724
758577.575,-53.297972008441974,9.3373339576794
776247.117,-53.630512595301,7.793750052496428
794328.235,-53.967521698817535,6.232284142592386
812830.516,-54.30909355365506,4.65328818444567
831763.771,-54.65532102778176,3.057139204429272
851138.038,-55.006295183562976,1.4442390357196784
870963.59,-55.362105484367575,-0.18498597812624712
891250.938,-55.722839119795644,-1.8300854195289047
912010.839,-56.08858120187061,-3.4905852545619003
933254.301,-56.45941429889604,-5.165988391772183
954992.586,-56.83541845844927,-6.855775452721483
977237.221,-57.21667085927294,-8.55940534222489
1000000.0,-57.60324573257485,-10.276316283897408
