name,member_1,member_2,member_3,member_4,member_5,member_6,member_7,member_8,member_9,member_10,member_11,member_12,member_13,member_14,member_15,member_16,member_17,member_18,member_19,member_20,member_21,member_22,member_23,member_24,member_25,member_26,member_27,member_28,member_29,member_30,member_31,member_32,member_33,member_34,member_35,member_36,member_37,member_38,member_39,member_40,member_41,member_42,member_43,member_44,member_45,member_46,member_47,member_48,member_49,member_50
a0,0.7723387823282717,1.0174144880168212,0.7383126611894973,0.814531139430407,0.7105767311826953,0.8512926337576603,0.70833394320595,0.8162478423397937,0.6358615003052792,0.6181250284433414,0.9002363701251396,0.4365926399561535,0.4678423436102348,0.6987958205497498,0.7016936679978883,0.5778066694900766,0.5852332789352332,0.6761295081210427,1.069290205628729,0.4141296171345623,0.9096121957489509,0.9378574134325806,0.652688556614376,0.6993333483078383,0.9182098095554124,0.9434549586143802,0.7347883201343719,0.4305851206688617,0.5117173539805417,0.6964519920641685,0.43707404205443334,0.720461264599637,0.48058464311932236,0.6673986960889173,0.9088370596021723,0.540898577853806,0.82933686323786,0.6955358301130621,0.6838064467471479,0.6334842395144297,0.7372838955760491,0.4127490269134013,0.7129200776268153,0.41318581148341527,0.7381338447379074,0.7577700628306139,0.6524830625536302,0.6329241542898766,0.9058738408883067,0.8413143946948805
a1,0.04431240991219517,0.03136718286194382,0.04383583309813304,0.03772926383055084,0.025322893795189247,0.03031792957815013,0.07704688593041537,0.03774018206190345,0.028172420942338485,0.041401043775591236,0.04569964351180158,0.07124458714288226,0.06978268999768011,0.07616406524681,0.051956948924409545,0.046665452634140216,0.06367256607911408,0.046996539456075154,0.06290901777833029,0.046681679800701315,0.0884190630071445,0.01577456373188089,0.05697944081612643,0.075951708484701,0.04426974415453375,0.019967592811197435,0.056175074570487094,0.051261294235554145,0.0801504187973377,0.041964265984914505,0.05146753434251342,0.049187664826183024,0.06481336533059653,0.06859752274789886,0.040640701157704906,0.04256421799379264,0.017221249888198457,0.07112983263858277,0.045675867063451,0.05288058864696781,0.04429845487528681,0.0629729972955034,0.0657206204248216,0.06671251357780919,0.04129130576338298,0.0575263617456288,0.023130554508162093,0.0680642320661171,0.04090769126181225,0.05005907628711839
a2,0.19215457674068567,0.17925856059220302,0.1526813115634955,0.23681688028822875,0.23260258950574914,0.16895799857470375,0.2633025999989246,0.2068444512184895,0.19827264892899985,0.13548959070415761,0.29963822986474986,0.18784195708002374,0.11097408183253724,0.21793470803424989,0.1912777590214137,0.19809839639136925,0.18775270104300495,0.1892989531562876,0.21827017749044825,0.15879130487027582,0.18133986679479192,0.24344802404501006,0.17283664530976392,0.13552599232973372,0.1565156619169031,0.25446558560456617,0.2513254492275659,0.14998630395363935,0.06412843561282135,0.17181877008930613,0.1542678654011804,0.20139080417060787,0.13409705333877958,0.18768156133447572,0.1809754242407346,0.16704242532471772,0.19965452265379127,0.11613116000711289,0.1428279152787708,0.23548772609894245,0.16629214090655683,0.09597696293802878,0.17468543639782147,0.15486182555751823,0.22988396390012242,0.15317188305743484,0.26364788759285424,0.13852775929022823,0.29393662922678643,0.20663956477231185
acde,0.9787812315180137,1.033561917432546,0.9195171132697645,0.9713929198830901,0.9396989843613414,0.876710528669854,0.9792337512733489,0.9015834680389697,0.9785722081743863,1.0312803315892505,1.0243614618547185,0.9419230003500739,0.9466429437872309,0.9325571252133668,0.9538582685458218,1.0768663650798804,0.9583594455563303,0.9686132803332916,0.9119487843562654,0.9147413047508931,1.0248002149931956,0.9085861660619717,1.1008109304668965,1.014573947814149,1.0261829196378076,0.9432324709178191,1.0167338480334454,0.9463907421910632,1.0430838734903174,0.9757290515217368,0.93429600705974,1.0176858463814757,1.0258995333334848,1.0514714780111227,0.8669863543808408,0.9161731141079327,0.9823907234433044,0.9522013940003385,1.0190638117311042,1.0841428442900152,0.9372592745513878,1.0907055680476694,1.015831545584827,0.9390179794485934,0.9671252868177412,1.0196066693798385,0.9316925679700817,1.10521084043636,0.9980044859010193,0.9237342711565769
ags,0.7167448828149788,0.7253712026281856,0.7019716628057014,0.5852710821674602,0.7134159988741999,0.6347203025749704,0.8585715142905764,0.7196943726859074,0.6943664454411317,0.7285247350842319,0.5999681623366006,0.7723521539786107,0.6650512721988242,0.687235944960162,0.7596253432720589,0.6904570022241644,0.6999189475535075,0.7751699303011259,0.6288406266032651,0.5708502667601472,0.8785464004297898,0.8196521868024185,0.48717132915910266,0.6875729365226577,0.7961446908311169,0.6260526049685232,0.6606688217109383,0.7821449280611248,0.7524734050650315,0.5316099244089887,0.6496321077743509,0.7573364741345991,0.8995500222452404,0.5680430846956054,0.6112861388560951,0.5582539628782288,0.6608556384784722,0.7088280562919747,0.7370944694681378,0.535076313679494,0.7875291418096242,0.6219295005527885,0.6678330687975222,0.7756335213698433,0.6321763067233178,0.7978125889004615,0.6940379033883297,0.5104384533729893,0.7552426806145778,0.9263070299160762
bin_lketa,0.3990766020668151,0.5918272496134268,0.15282535320540652,0.5655435889845138,0.8504560482344838,0.231983692326861,0.1821255509515649,0.5473004502642084,0.5326380810168972,0.011521692949150644,0.22151423268522646,0.7940462886245863,0.38388351969445866,0.6398561014452099,0.5246510161507664,0.6445223567818215,0.6515474447259662,0.4272500190731537,0.8691739881597954,0.06917474439908378,0.40873755216870633,0.760070682290607,0.8602322677056766,0.305061793170508,0.7030915387568637,0.3589278452667777,0.6922684118945887,0.9075869431120769,0.5905419109784363,0.24504970743819487,0.5379250827124346,0.2077582806841273,0.7636538844532762,0.23024634356472393,0.4466524441107117,0.15746849177221728,0.16211120767705356,0.7655378202784747,0.9163548432343349,0.6412131246088678,0.17802438252380937,0.6208681663468493,0.6709842681002278,0.05011502396418049,0.45175701350608505,0.598032836204074,0.47726759663453694,0.9976792978884687,0.07916657283441667,0.261430700668534
bin_pketa,0.6037523216701695,0.2882805213850156,0.32840408127679654,0.46768179631910584,0.24828678737265544,0.12003750727188658,0.6664068382114819,0.6213743141570472,0.47195580504291507,0.28334257700265036,0.3583816641981889,0.890963767018273,0.8871095256236493,0.010284625425144793,0.4190777122766209,0.6562174229662187,0.35463950523412746,0.4716999555538628,0.1913451515380991,0.5928553834011199,0.8490150310480499,0.4345833416259788,0.5332768349908329,0.7092032145002777,0.6743960090614177,0.14667480053912044,0.5292907778037169,0.46571470726717157,0.9535280819189962,0.38414913228177466,0.3338940491113073,0.6522934822059228,0.29203288587208587,0.7303840775733536,0.10612500857302512,0.26855079745478666,0.18227304296995928,0.7745347534430446,0.6244456289405914,0.10335637643202784,0.4283397704644084,0.43723825638072017,0.8919060300739168,0.5017402079124058,0.27392308304736596,0.5132965892690419,0.1544393062727465,0.6253887416496721,0.5929415717335474,0.21624889060063984
bin_ppclm,0.21840295060547169,0.09006205834363798,0.3099158065875445,0.143126433390251,0.150324810051376,0.7072920295675718,0.29568269149166804,0.042679478144747464,0.16583414605685232,0.214995457365951,0.22306830862705052,0.4285676333990976,0.09692622928682812,0.6806376165328165,0.7695314954041754,0.29657180696201824,0.876150985477026,0.1402515236656549,0.5764713958305543,0.34996358664516103,0.1460637616481256,0.14051958414877858,0.3763617701618142,0.2545151674161944,0.15913497866366424,0.699106482810539,0.4531342452258808,0.4415249794645641,0.04698931643045304,0.225408479371269,0.6616126668592234,0.21098188462739131,0.41605604504749966,0.07277847987642518,0.48899696019256855,0.6281975913615365,0.5157140087966259,0.27623835026531235,0.5280003290158228,0.06545339480704039,0.3526288573426785,0.29438084324520064,0.15908206522775006,0.27283653262899293,0.6416623787285877,0.3462509734215207,0.18089722930646943,0.38736324889550205,0.08091546933446518,0.2097107092719974
bin_prdsw,0.3804394347871778,0.48653609556753985,0.8041905194346346,0.49684002796582055,0.4809860424433696,0.552433050614844,0.200355980415073,0.7315760583009335,0.7538584930495196,0.6061735248944742,0.09609374731924744,0.1639876389687619,0.7048372871540982,0.3124930492423263,0.27796363513586847,0.7977244423639657,0.22894301921607538,0.40956080771901926,0.7933267916645198,0.5874937178444378,0.7386475398934989,0.022043212665047024,0.46753005908193884,0.9998193945510158,0.8703462219467921,0.4067350644111779,0.4841543186593798,0.5176491664216656,0.5351313625454414,0.5021259382128203,0.4043375432176123,0.5403345225239854,0.3030140857131467,0.17723675457018878,0.7918469975556198,0.658992534527536,0.20202062158927325,0.5834607016894456,0.8841284654441518,0.035824109265545086,0.14184276505699028,0.2877999606273936,0.6077301345327104,0.19192929261727784,0.4149822898197875,0.34219117340170646,0.5340358178578758,0.5519970131168734,0.5070147226825579,0.07140028119511933
bin_pvsat,0.7115309908843487,0.5863585827981328,0.3686935017848929,0.8215784639421628,0.7366789612119955,0.20991888717000082,0.4584208618581999,0.9649149509684566,0.9983144505652414,0.9689574514322132,0.6617298702576256,0.8851040097127554,0.9734384458821613,0.9288222640776208,0.5305155463159272,0.6415824836882184,0.007543242153309954,0.7545429985645563,0.46899465348890873,0.9548892800857889,0.8884622066607974,0.4829237067810125,0.40809295915303867,0.9347609855933869,0.4637282463670097,0.42528100815597875,0.5553885046069013,0.8096619407627648,0.6713561479536461,0.8021147161031799,0.558491227539287,0.9655987479660628,0.7731641972187243,0.6965237132819154,0.42052372986380593,0.5059353426809938,0.29717296564027146,0.8989580689536175,0.3263984880013686,0.5873530743725714,0.9058085667682657,0.9702777030664832,0.7885072849596593,0.9420302730251542,0.13332969511550313,0.647080412006596,0.9460576254207178,0.5260726283122986,0.8232681284768232,0.21028226474640355
bin_wk3,0.2059762887966849,0.13595497503221904,0.3913037371170894,0.3536650854263695,0.4515412363659984,0.27167927547470166,0.16187114585931797,0.5930452618656494,0.5153284037943452,0.15805894351857028,0.04230755426440571,0.49147535956727095,0.26299920802961724,0.40405306728522816,0.5070599542605141,0.5710899265832198,0.28755579792337055,0.14923852309712166,0.22562656321948277,0.3936249441522011,0.28003473364823483,0.3105997461641105,0.37039263595220695,0.2500863730953981,0.29594861066783207,0.47203397710585376,0.3875968203842654,0.5103326426679742,0.3640216343965182,0.24136145064076556,0.41720221593948786,0.5719549219152709,0.3881597510392584,0.07899010957097095,0.44482061860494365,0.5241218301392944,0.11158814085842814,0.15760816254422755,0.6625254172227056,0.09712178308080782,0.07043226357674304,0.28881703391570457,0.41003053808813594,0.296156613324587,0.30291164370595625,0.3185555649626041,0.559381586684663,0.334452591015114,0.5692198843409256,0.6732745299983803
bin_wk3b,0.7270552403758376,0.689176481570391,0.45818220328745435,0.6179340409882071,0.6520868639360421,0.5632606739353622,0.5166207630152458,0.7458602181343964,0.8170658217009419,0.20530199162224894,0.37742538299331707,0.7355045995198307,0.7309792421930353,0.4892095728150986,0.5989722140206486,0.6883363311221253,0.3540724790329594,0.5054413117508181,0.551059306936111,0.23419843164414722,0.7461834470293232,0.6966439623915145,0.7128931850306012,0.5933363527291676,0.6948557747124388,0.6687693288521303,0.5141726061108407,0.6413741163869441,0.9051712739386839,0.4050799402495952,0.7378738396364086,0.8006312333813818,0.4888348266532802,0.8940033393570981,0.49243703740174694,0.41371429984656116,0.47793400314770845,0.8799291470706703,0.672584912288653,0.5961077771838191,0.44458024634556437,0.38479885416527126,0.9138014406227407,0.4708675959212228,0.4742430434697152,0.6402941659075825,0.4652863664076599,0.7896318853020247,0.9931044720286588,0.4956015908747645
bin_wketa,0.28570535926266005,0.4828067337974512,0.27882805194779375,0.27769376776562504,0.5061516347728021,0.49091632339588587,0.17271795157757183,0.1901321265964449,0.12107003136849114,0.3663639801459462,0.7916424893442217,0.28018498480532117,0.08464705795060115,0.5650526008760555,0.3618531875102855,0.010491840162316537,0.9501976462342818,0.7895806284277636,0.772903685260956,0.5265561200739475,0.001825790704536777,0.27512659508606174,0.07051470822328285,0.13528935402680956,0.2387227094746994,0.659282219350509,0.5697111499297052,0.6217181769052382,0.28293142752921263,0.43251842885190106,0.20547415158644997,0.03139432202247565,0.275790857324119,0.11011279187821105,0.5293146550692571,0.6341825336531157,0.5695299078622535,0.29961060451224225,0.08467312728869346,0.6290241738689112,0.468718013588901,0.33400629005646015,0.5211426579031956,0.364162607606835,0.6583808172517299,0.5402089148904854,0.5856979081419358,0.09733301335836463,0.03593568557839761,0.7267181709895414
cf,9.33630179027767e-11,9.299646280573349e-11,9.384327558508178e-11,9.419374612457294e-11,9.195430812740315e-11,9.370744289076074e-11,9.323963877683728e-11,9.286749866310847e-11,9.337901135191007e-11,9.425352065623386e-11,9.473336082137491e-11,9.322484153358419e-11,9.246289650595615e-11,9.615146849304263e-11,9.4094666872211e-11,9.312920949720129e-11,9.268894002394864e-11,9.351445369395118e-11,9.495105917084179e-11,9.407237488920137e-11,9.403722954870828e-11,9.395655479495733e-11,9.32604440153206e-11,9.370860419915069e-11,9.239352774608507e-11,9.452847391151164e-11,9.230786870306613e-11,9.247898707906175e-11,9.300186231689765e-11,9.33948830159783e-11,9.272843862557207e-11,9.432663074393629e-11,9.313105495433087e-11,9.381811224906286e-11,9.289943372359104e-11,9.299287071606263e-11,9.458248765408023e-11,9.208737198109265e-11,9.240353462436061e-11,9.340701722726916e-11,9.366672480437214e-11,9.294808606203033e-11,9.25687990051841e-11,9.371629395471741e-11,9.305196861411134e-11,9.327976198312953e-11,9.363075562698576e-11,9.265347266723326e-11,9.493755146118219e-11,9.345819849666482e-11
cgdl,9.990666395083624e-11,1.0025018170222385e-10,9.966192405138376e-11,9.9901159567481e-11,9.931135843620801e-11,1.0014688740771743e-10,9.833367788517352e-11,1.0037704166973451e-10,1.0031934856138858e-10,9.817597676817262e-11,9.829861138064815e-11,9.946190446393169e-11,9.963939908326032e-11,9.830509079209323e-11,9.902746308027189e-11,1.0087353347602196e-10,9.818702712214924e-11,9.908340470555903e-11,9.898082129881077e-11,9.877934803489282e-11,9.99341450029602e-11,9.928508397897473e-11,1.0008985968317473e-10,9.962861501468303e-11,1.003169390121933e-10,9.959320619059897e-11,9.895405126428556e-11,9.927748443747627e-11,1.0000032815122615e-10,9.934869477164955e-11,9.98167938509613e-11,1.0014451259396105e-10,9.904265511982544e-11,9.984005458517725e-11,1.0025971787895731e-10,9.956257597145164e-11,9.961570035464447e-11,9.992970639575133e-11,1.0004030283037206e-10,9.926697125895995e-11,9.856954811968273e-11,9.888934028976292e-11,9.90229006674359e-11,9.815249260211761e-11,9.90079213293108e-11,9.951368510491277e-11,9.944344857820192e-11,1.0009679710911143e-10,1.0066943943727945e-10,9.906373109086621e-11
cgdo,1.0715748278648607e-10,1.0751729429226581e-10,1.0639798317297732e-10,1.0605657999285869e-10,1.087896913212251e-10,1.0661684903502047e-10,1.0797639094249881e-10,1.0700531968056784e-10,1.0662357503282905e-10,1.0672955189144368e-10,1.063458769362308e-10,1.0700435376750153e-10,1.0777459354637544e-10,1.0394606483088345e-10,1.0619990940973902e-10,1.0651743390703198e-10,1.0864702971893072e-10,1.0708394643785313e-10,1.0508715176141108e-10,1.0648182547603009e-10,1.0595619641004044e-10,1.0708194811153677e-10,1.0708699428970317e-10,1.0651842733736537e-10,1.0782572192477434e-10,1.056347900147719e-10,1.0868473287008139e-10,1.0802819995876337e-10,1.0645591853625395e-10,1.0685430524260157e-10,1.0772021014785438e-10,1.054947837830823e-10,1.0756506744497661e-10,1.0609459521942571e-10,1.0720948301898227e-10,1.0747106558925837e-10,1.0578494194716738e-10,1.0827376836898048e-10,1.0777064463400927e-10,1.075099660130167e-10,1.0731366088729888e-10,1.0730279007355267e-10,1.0774830800672747e-10,1.0697407322326742e-10,1.0798100873768918e-10,1.0718689672612767e-10,1.0708062845367386e-10,1.0700867145049139e-10,1.0520721125082686e-10,1.0697683239306447e-10
ckappas,1.4174646311460088,1.6753349876155186,1.4791870392393296,1.401202962100845,1.8387518252676487,1.4865869962530616,1.459202666458147,1.7994363961761497,1.5146480022352453,1.4288436799779969,1.3828630975495642,1.610563052455764,1.865890215108872,1.0434224328429411,1.523099063804295,1.585024161481376,1.63503573449418,1.557166483646697,1.3021043287669085,1.4918200471238037,1.298978726638818,1.155099936304373,1.5992757534360604,1.4931773191153925,1.7862757416919322,1.3555289753787894,1.6901792570983025,1.8234686137254559,2.05811295490462,1.6945442291076245,1.5848897926884573,1.3857616365379137,1.6345198912225536,1.516735123177147,1.8504948197975468,1.7545532307360683,1.161745567220414,2.0858391500376823,1.7596834156288497,1.5061741667394755,1.2918414823071571,1.8253604307498899,1.6306437091890602,1.3713230074909213,1.4782909488959273,1.6858565224849427,1.2924499579429094,1.8973145966988056,1.1074479803049235,1.5712673546356621
clc,1.930326185626861e-07,2.180958276209974e-07,1.658924778066944e-07,2.0559032030879907e-07,1.581921540553058e-07,1.9724912295245736e-07,1.79590116863951e-07,1.7557101888511808e-07,1.955078551215354e-07,1.9720613997151635e-07,2.309933912996581e-07,1.497941996917285e-07,1.0972787177081934e-07,2.1895271138735362e-07,2.0381247344349033e-07,1.946190235364436e-07,1.7971131982729904e-07,1.2451899498492137e-07,1.4768099045286656e-07,1.4604603091989847e-07,1.868267852192771e-07,1.80089649303542e-07,1.58067242743586e-07,1.4283220574961666e-07,1.4542907420409055e-07,2.161647905443035e-07,1.704372567857246e-07,1.8051400419121836e-07,1.416401517473135e-07,1.8109047515382117e-07,1.9078570196607207e-07,2.022756957038579e-07,2.1453761957641866e-07,1.910930041875682e-07,1.7490130709819728e-07,1.485388604829966e-07,2.348033548557687e-07,1.3261658729266525e-07,1.2532584025676392e-07,2.1547228204650608e-07,1.7944625673617683e-07,1.6767104373726525e-07,1.2892869395576988e-07,1.5409226431593406e-07,1.8806433679164666e-07,2.0547632223315435e-07,2.3120821359197666e-07,1.324086616932626e-07,2.3386306759295937e-07,1.7753943360140263e-07
cle,0.4814674888329489,0.31519789769009776,0.8523271181414627,0.6483309732887164,0.23340148541420888,0.6761606393442612,0.6693560322646782,0.30459675332315844,0.5254593934058123,0.8588325590714003,0.5883532965861898,0.6079504228691244,0.27715022142873114,0.7412867514915165,0.989578593428406,0.2955780386827569,0.9742147288701146,0.678721536340473,0.7181249793638227,0.7096065346862219,0.6835112854923326,0.5755219600149801,0.7144012241292876,0.6185735240904087,0.3770622235399752,0.9384008547645086,0.575710246914034,0.528064894483512,0.4547361104318189,0.5479425341850541,0.6220102781480528,0.7666022832593464,0.9363971788544423,0.5651469785980279,0.3850572349090435,0.6000729030552541,0.7388560987805148,0.49861022495339785,0.6390257618828953,0.6062037539230221,0.7762879799007811,0.6612748774304277,0.4983748467628152,0.8109542144218393,0.8836074267147265,0.5909875054303972,0.7066182251608215,0.7041080177317005,0.7873398657989836,0.6758908920013578
dlc,-8.364328717359648e-08,-7.970878390283952e-08,-9.127983458003334e-08,-7.559071903920793e-08,-8.042763810285744e-08,-8.783344602393699e-08,-6.960458518527806e-08,-9.363347860768427e-08,-9.329950987007426e-08,-8.150091996221157e-08,-8.690173814968452e-08,-8.807343524563766e-08,-8.13827024387783e-08,-8.56571323133494e-08,-9.952468041273371e-08,-8.061663464458474e-08,-8.533081455419265e-08,-7.821860806013092e-08,-9.723037116811623e-08,-7.799821174853964e-08,-9.684928723982791e-08,-7.909499942451144e-08,-7.627557462648773e-08,-8.575971708076161e-08,-8.614094952911825e-08,-9.763847485904565e-08,-8.444182309240295e-08,-9.324418557903182e-08,-8.355741119085711e-08,-6.457300835258012e-08,-8.047168907353284e-08,-9.427998023437496e-08,-9.543399743502288e-08,-8.568171413929456e-08,-9.158078994750495e-08,-8.212509909062616e-08,-7.912616561352155e-08,-9.006578068921474e-08,-8.451147989880022e-08,-7.378396349828159e-08,-8.533147587305596e-08,-6.16288728412422e-08,-7.447956547167548e-08,-8.577866995393222e-08,-8.413231185415978e-08,-8.725817963845483e-08,-8.955202700973609e-08,-8.036169532470449e-08,-9.765652308633979e-08,-8.922749101762197e-08
drout,1.3895947932692791,1.3767452750953753,1.0712923556305303,0.9310511417547177,1.4817985962129536,0.9768194980797936,1.1573764698078302,0.9435905364796351,1.6637320300927882,0.7447702087698749,1.3567182751097928,1.3604328193272037,1.1804954981474503,0.9707076665043329,1.080214168472208,1.524132026004701,1.2502862676548738,1.0634362443806833,0.8671954509599713,1.0873753005452558,0.8605087957827404,1.6755021835607489,1.6281278026136632,0.7250893821538816,1.0760563692968255,1.2089329172967207,1.3083596608344337,1.720203877802797,1.2478117136743978,0.6362890561674306,1.4576284497568874,1.0484439665869927,1.359183950423183,1.8234901837436006,0.6695768873689569,1.1732783778509215,0.8439046110180316,1.72508099254467,1.1176768187669908,1.7013569500321994,0.818928050498319,0.8448491505825377,1.4113902830136027,0.6081297882057924,1.2953322842332975,1.1999248955012392,1.1923652498221786,1.7748923365754645,1.4389610400833484,0.4158266842238262
dsub,0.8196134336753157,0.7167940413471325,0.7525122982067031,0.7395050139461026,0.7340433860634051,0.8271408077153416,0.6337250235940919,0.6916083880018074,0.6757446185598068,0.991882025499942,0.8914517333925405,0.9432516348072015,0.8143351274921727,0.9777958237970011,0.7812878195133935,0.8256890860768598,0.9661430965940201,0.7537279064189957,0.8458822082812549,0.9951470176751375,0.5537125237389006,0.9269024221594123,0.6385266411872048,0.6108353498799509,0.5858844591740502,0.6849728934097199,0.8129535299657238,0.9269151615896362,0.7844834695462927,0.8494552218410072,0.7226422806068403,0.5497877658294761,0.8568228651536539,0.7239252529187494,0.8324431521518085,0.8640994245160181,0.5866603075111622,0.9904947184782733,0.4438918719369672,0.8460984298603481,0.7578859670882595,0.7664961448549358,0.8317446585373287,0.6725537690552956,0.812642942786801,0.7982272170585686,0.7802544727255765,0.7430233238866056,0.4965751239911689,0.6367799995977502
dvt0,15.183392181062096,14.793346401596821,17.263897515508635,15.715685359334055,14.83100583865311,17.21578397951297,10.54338472221696,17.20267293421966,16.300292566033853,7.281604687164971,14.053413270493104,15.78668197777144,14.249429294456304,18.516648536894238,13.148234078645364,15.363742648934135,12.453819140716199,17.632971009422093,18.816518883965717,10.478994855989745,17.119888253851382,17.594911760713188,14.16629543370879,14.9130723868047,12.682552959466737,15.401814354796837,14.22903570485214,14.077580153690658,13.427438588922326,15.467354001918016,18.83745370328129,15.089569324412649,11.921127842201098,14.61648187078601,18.4021633190935,15.770866284632008,16.964006190602202,13.848689810828409,13.674319671017889,13.97666705459291,9.952887307048757,12.853362508376707,15.1269895958277,11.81100337473383,14.532167613992488,13.086500771762617,16.380918059742587,13.67856446326103,16.118436442428177,12.109509723672518
dvt0w,7.862121417417779,6.427881232578462,8.612917273764102,5.722599013065372,5.997300522922796,7.641716114332947,4.626520807826266,6.5011530183172885,6.681421504482041,7.470060966781796,5.563288490427887,4.826224833148119,7.125791454398305,5.211091839144469,3.2222376950622023,5.640526107377107,4.34664643672376,8.004394600669768,7.367995583882083,6.307150989896178,7.60231710545602,8.116016417427218,3.2931510277867826,9.90527120695899,8.856036785067676,4.111519079725798,5.694783138042736,4.90278617386291,5.363412929159889,6.433564982438024,5.993544596917195,6.2263458711327,6.794961129540694,3.2022034635964642,7.017291782697576,5.656449887296202,3.284368885783378,5.385245658699823,7.54759430476655,2.8090651179979904,7.854173489555123,5.972078691138853,7.007464629087892,7.523175756815441,6.005084179500355,9.55975644153875,5.948275135894341,2.59351843563685,5.044744235657008,6.255907486010415
dvt1,0.5166052046980818,0.8445326153214141,0.4641853533715481,0.8087498069493085,1.148649282162892,0.6208353134901777,0.9994241004975289,0.6139562285067586,0.2882487720336382,0.5478902624101163,0.6532436915566381,0.7093361539118013,0.31764501149991475,0.8221127276268017,0.9806453841816992,0.49553752294062947,1.3719878839693194,0.8680590033324885,0.8639538618402846,0.8830528559623991,0.7227302035955384,1.2285838806763658,0.7739845583116988,0.3775478713795867,0.6875510619835087,0.869611257026768,1.1602271382174711,0.9124950585981575,0.24853661030304927,1.1179820239907694,0.5366420245379672,0.21836817667533998,1.0693374711099706,0.35117364733924317,0.9188894339849557,0.8330699568434402,0.7056615411070314,0.5342972856408039,0.6572357471927999,1.2169983997871479,0.7143934155911914,1.046911676408185,0.6609518712758748,0.6148589771955777,1.0152283277114054,0.8810819495051729,1.0366322395105558,0.7455262250323045,0.20303853924472648,1.1792538246505857
dvt1w,6929503.249812311,4704465.458876608,1078906.9374701136,2703469.1767577766,1735964.1914935592,9968707.886255184,3693448.1741370982,1843320.9119104582,2436451.7150475387,1027677.5845370971,4774360.166157263,7301437.033232041,4592174.334035563,731713.1224173263,2495172.148899264,4176553.898171029,5085672.155518546,4560765.370839467,1799410.2494921149,2914088.301083846,2264710.3896359205,1553868.944426683,2409786.6624004953,2028970.7966696431,4768089.981719158,3064555.7616210827,2702589.843041038,2206216.145413133,1917013.9837451987,5926937.131047028,7065914.127952984,2301962.961525371,1619993.0728963702,2719293.7677213494,4478727.017462534,2793195.0792916575,550553.2782486762,2260691.192849675,3627973.2171750944,1658236.1603801646,1971473.172909409,7054462.973420396,8452726.13126134,1115357.9680411613,5715461.73925462,3077490.756304298,3844044.804515326,1560776.5788862065,934116.8442921411,1029250.1727533279
dvt2,-0.011170416594193613,-0.06636491533916575,-0.00614861376191897,-0.014789007646118887,-0.04539484059708268,-0.04268023437806115,-0.029184729676270796,-0.020794198137921785,-0.0064530140562761296,-0.03627085509819958,-0.0671676270184729,0.042951815129039644,0.02352902991334388,-0.1033531319340967,-0.043986334627329995,-0.011159971285533074,-0.04565308102256818,-0.0018868816957653828,-0.11426422279720225,0.014027102665425395,0.04499303877561775,-0.11687361707691901,-0.056304276706787795,0.009361208657624298,0.0015368912283664632,-0.10706258926482254,-0.061743452308761104,0.009380983024940531,0.0692983822784779,-0.026408338244216054,-0.05640995697929774,0.011454474703653572,-0.017389975517139458,-0.002423500336571696,-0.06327909245863994,-0.04380499702101036,-0.0647717469162156,0.011913888315731036,-0.028830923200780817,-0.07453369434850257,-0.02969489082190256,-0.0017377007843348141,0.0054628343790968925,-0.008465280930733315,-0.06462288515345554,-0.01657332603405301,-0.032536110512370486,-0.042800003379299914,-0.001851857813726071,-0.01055842943546896
dvt2w,-0.0056589341636778395,-0.007107221164685637,-0.009696571814553086,-0.010561414157403012,-0.005084061867963549,-0.010581420602755673,-0.013514697875388795,-0.011054224934833823,-0.010485546173491067,-0.003498516363082037,-0.006324386007184213,-0.004469623338912543,-0.0014731403562186635,-0.016358566558954006,-0.012375033929811062,-0.008790110952133431,-0.004069698778923679,-0.007429218347475078,-0.011080584557359073,-0.0021781657414943617,-0.008439327029474052,-0.010232680820702715,-0.006119485646555546,-0.00750319432073588,-0.004220629378790232,-0.018896558437876344,-0.007041599384839468,-0.002044862151087526,-0.00413706208628227,-0.0042025718723913835,-0.01025939167631245,-0.015476213105149898,-0.006193768093375032,-0.007258475950111934,-0.01122718860416285,-0.008937515679413942,-0.012906144319170261,-0.0032801086340982916,-0.006426871145528826,-0.0031733959552035923,-0.007921292647261005,-0.0008803800342613993,-0.0011594777067297501,-0.011962150218568848,-0.009295011774404657,-0.0029558775622404027,-0.009350447829487435,-0.00488769589053889,-0.02117447985792886,-0.014202278551726934
dwg,4.738348451123938e-08,2.4493018331761863e-08,7.282970241010336e-08,3.90731182075398e-08,4.550445448886328e-08,7.103018923962713e-08,3.3460366049972853e-08,5.161750816196274e-08,4.454629742203852e-08,6.4879921902335305e-09,4.7411488266374005e-08,7.430189918946039e-08,4.2699139175716236e-08,5.65769755042942e-08,6.913327802858077e-08,4.163121935975084e-08,7.415087367148884e-08,2.8953681848890927e-08,6.118636697192029e-08,4.112539045226545e-08,4.3272533264812906e-08,3.0372356794612166e-08,4.4780065562474444e-08,3.243660779347253e-08,5.70791747690629e-08,8.578903388356322e-08,6.688725953311284e-08,5.961461108439496e-08,2.39215073084485e-08,1.0561478418313999e-08,4.89694296500955e-08,5.981152584246272e-08,5.402524340087403e-08,3.947210093199966e-08,6.770745023898135e-08,7.36366670745046e-08,5.71553661151977e-08,5.2593927059016545e-08,6.971047853192864e-08,3.149928798762688e-08,4.362166880140939e-08,3.349892646370461e-08,4.967077028365161e-08,6.250862874087445e-08,8.235497112784382e-08,3.275611108363898e-08,4.947935215586884e-08,4.752050371049882e-08,8.627142953048023e-08,6.691760270527496e-08
eta0,0.6601045091952059,0.37391068615990425,0.4984478818008721,0.4232867245406309,0.46569573508756223,0.5499550929257112,0.1770354959471138,0.5790939496639611,0.8277953847131979,0.3286629998426899,0.17253566310928142,0.8620600963479372,0.7785569090807881,0.1751768613390236,0.05534201089950026,0.384583902331831,0.07577136890276578,0.39606054605408003,0.042475440400399286,0.5886055666209985,0.7355291817216294,0.4826761591721453,0.6022279053810434,0.5151491020657138,0.4489817437342439,0.10875594819257614,0.31336990424380534,0.6293939047096005,0.7279009785707403,0.4941747467926194,0.33113991788961405,0.5974831550314964,0.5079063627767442,0.32698089044484985,0.4778547395734608,0.3773103200483268,0.7824714583962699,0.4013801075599422,0.9060007792470632,0.1580200121997377,0.5728188531804972,0.6705139502600372,0.49575036186638516,0.5810753204724036,0.30291253829496423,0.27267688774887744,0.5149398399995452,0.48174175389193047,0.35969386046338353,0.04571768284642039
etab,-0.36405354364050563,-0.3010949065845048,-0.46434895197143466,-0.486770055888693,-0.3036232602566721,-0.43803969195088677,-0.34251905557968326,-0.400857473177472,-0.3447890640888626,-0.4400674905701962,-0.48752076096302965,-0.40117701478434487,-0.31204274834227647,-0.3531741379552197,-0.34726592180593496,-0.3814972818356255,-0.3505239111119287,-0.2288046121399392,-0.3318711525081248,-0.4998222726989353,-0.40482404482735584,-0.4657167446213042,-0.37754177184925736,-0.19594868578740804,-0.2788708704084464,-0.44900457012322426,-0.40042454208098976,-0.48621216446081034,-0.33560870454325675,-0.46260538179740623,-0.3864791062851337,-0.48652551384719583,-0.47712451469006123,-0.43756907143192897,-0.40578970062919917,-0.4563566855243131,-0.466849334899735,-0.2639531454495052,-0.29889091735284057,-0.3919532741740712,-0.27918653824284506,-0.45641329021625143,-0.19061427086508126,-0.3417054750718454,-0.46339836532270234,-0.28532677031318077,-0.46037981490546015,-0.32917750974970184,-0.4719010153329881,-0.3376139630864665
k1,0.5185952435383422,0.5193678287617151,0.5223057959194738,0.5205973828798902,0.52602011030915,0.5201518027265509,0.5241249342652063,0.5254636686346295,0.5216981977926862,0.5224488355639794,0.5182782789955674,0.5238951126354009,0.528044550837323,0.5310827995811742,0.5264541125865544,0.5238950613305666,0.5252299780892308,0.5215562030862838,0.5303726423522599,0.5247692557103526,0.5170100762234382,0.5142586194913195,0.5257459770684212,0.5229968595825641,0.5216689932571758,0.5251982634887724,0.5252979353634417,0.5254058782685226,0.5259260306630851,0.5245078394583795,0.527214742664405,0.5212175022093164,0.5249020489438377,0.5194377550372481,0.5255241483349934,0.5281243277883984,0.5200694415703225,0.5236393791687173,0.5280674907888024,0.5235493291459382,0.5218857862637871,0.5282284725124939,0.5261509678571977,0.5275740540228133,0.5224501689644055,0.5225892417939054,0.5221738465631984,0.5272540799866993,0.5169868795098695,0.5239061485169008
k2,-0.009483123954142088,-0.008533611661052591,-0.01571134884384405,-0.012168367206375742,-0.01517848517391615,-0.01282751371984462,-0.01671507944960232,-0.014165837205668025,-0.012210923670243581,-0.013827556703372684,-0.010532081559948503,-0.0143071437616423,-0.013682725473584262,-0.020156205985812598,-0.018999906445586773,-0.010960551248329543,-0.019714740561185495,-0.008306869362747701,-0.01819777428319818,-0.015632915173965728,-0.010966094854194211,-0.009911566891281809,-0.01890471913216922,-0.012862324772048815,-0.011775095327556814,-0.017935580867559857,-0.017351242073037697,-0.015200052230717936,-0.01250228488752047,-0.014722844170886422,-0.01662147621641704,-0.013401638832237765,-0.01513510881359103,-0.01166652989789814,-0.015992659045234586,-0.017282030697236404,-0.013718747223860316,-0.010945452438673356,-0.01813342491683219,-0.0170006019040256,-0.012573678223658492,-0.019850400719154723,-0.014897899339159734,-0.019253447540245217,-0.01699493332399435,-0.013008747882189892,-0.016335589720948042,-0.018564758056081564,-0.010163627457715887,-0.015106266313804927
k3,46.0184397849915,44.018041012361095,53.76169788272017,42.950827790862775,35.33516395694036,53.075403049923096,39.061400141409166,44.367060254300696,48.01593073864231,42.34166321629047,38.84279317186892,45.94185936630103,45.15404390211967,47.984795503055295,47.434574226581276,45.6532003576535,45.38476043028871,39.704650085298596,41.46482096959113,45.34955171549777,51.63254162055978,39.902472004561844,45.98090406465505,50.17227020484398,44.8772568106215,47.83839002438873,39.326479576886896,44.85418830589376,46.92386208153593,40.015154912233925,47.971971301615724,51.33477664164752,49.94421956173386,45.67025099050866,48.84799643983152,46.44710437299025,52.67619131189156,43.005107692584886,47.37287726979403,39.70718050918515,42.73447600423523,46.16665487691273,37.43566641066667,43.906081171594195,46.15735786627067,46.6079468653796,43.30411745475229,44.417207300263414,49.94545525214531,42.14106329572465
k3b,7.944601065926406,10.2904268038169,2.5200620110097063,3.4578391520637553,-3.1998122389418313,6.1728094052737745,-1.1340687496487618,-0.35628920772800754,3.687600772160053,3.7220811602115873,10.604495414742203,0.5722096099378433,7.487667291998065,4.679218490891174,-7.222214228379247,4.952967617110559,-8.325342002010316,10.282785600314718,1.1335201566043445,2.5107778096475357,6.819918695973435,3.286098326433674,-7.724081655841843,9.088881280383973,-0.6835024133527909,-3.858475508345034,-6.371809750690257,-2.891501881547242,9.0989633543833,0.5948762725969594,-1.4227639176734996,2.2177331398250146,2.6627749497621593,10.214589063157845,0.20940640427056678,-1.2739963709400008,1.2914105152126467,10.579776553462665,-9.672090946809348,0.3125761157471949,5.4714772590910385,-3.4662385770245407,0.11181450973784379,-5.131477013324936,-3.203365170337314,2.288590200560485,-7.81710350043398,-4.774534810664047,5.557351441680993,-1.6105149666493475
keta,-0.036576376119458034,-0.056722189283240444,-0.03394971879367503,-0.04264385562394152,-0.04955405424311459,-0.04198211443820543,-0.07506255449278401,-0.03461363830046209,-0.032380787275672826,-0.024484359137240952,-0.04742405258235523,-0.019570241868998806,-0.044980344009020845,-0.037326036713028185,-0.032878898717130484,-0.0425772094914523,-0.0413488604561011,-0.021234981431540484,-0.0669836343921914,-0.05414368930810033,-0.02917938799618379,-0.051993239679953764,-0.08659347950762562,-0.04135741617359206,-0.05097560464655272,-0.06473227071553224,-0.055904323620364384,-0.014511782813641572,-0.0073393823045627,-0.05022921356365392,-0.05157786347700255,-0.02941262292467331,-0.020896061429986484,-0.02517055098712273,-0.043704228179207084,-0.06962971349742714,-0.06390364939624954,-0.019272232549299398,-0.07719969253372957,-0.05754247573093754,-0.03706936515471053,-0.04687538567177966,-0.03176306491445001,-0.03443839591758163,-0.05754473253426737,-0.03081225471882905,-0.038618210745747665,-0.07376341404125189,-0.029073493835238384,-0.03467054565169472
lint,-2.5407378061437647e-08,-1.650960468752063e-08,-3.5388711211033796e-08,-4.7881658735010446e-08,-8.775957242626422e-09,-1.8816092262283862e-08,-2.695215433750395e-08,-1.3752609119350743e-08,-1.084696632029459e-08,-4.7291626184860015e-08,-4.978333964460737e-08,-3.618095860342752e-08,-3.126575992837005e-08,-4.185284476369864e-08,-2.2269927817832267e-08,-1.8917548763299624e-08,-9.543703378796658e-09,-2.7767705956808407e-08,-4.898879828395901e-08,-4.7804663117399394e-08,-5.401076785310858e-08,-3.913580402125254e-08,-4.53041680639214e-08,-4.339721584968552e-08,-2.713417689174669e-08,-2.5701932713084817e-08,-1.1525441929113779e-08,8.652537050004199e-09,-3.567959101347784e-08,-3.1103594623619505e-08,7.423437556084207e-09,-4.068935578428624e-08,-4.167515724003849e-09,-3.979090407917578e-08,-4.794308647577019e-09,-1.1445270965782858e-08,-2.0799018759319204e-08,-2.6713063488206616e-08,-2.490988869600899e-08,-3.502811825242003e-08,-6.015906715742002e-08,-1.2384401525452375e-08,-4.9528026436090976e-08,-6.121629027148632e-08,-1.744444990560588e-08,-2.0004619406543383e-08,-1.2208783907399934e-09,-3.155315181012466e-08,-5.914262724914223e-08,-5.4548428064887684e-08
ll,4.056972637497719e-14,5.378749150233295e-14,2.7110027375910875e-14,1.911812958586312e-14,5.0759262235918355e-14,2.5881272537725487e-14,4.486376433313206e-14,3.09885893376273e-14,2.96741073736543e-14,5.731291075520249e-14,2.794586027540435e-14,2.4461960706458948e-14,4.6308457292164955e-14,3.5085741673121564e-14,2.266685043097368e-14,2.689023771462576e-14,3.825202877315881e-14,3.996138252146139e-14,4.92737552861634e-14,3.712997635730189e-14,3.434289092732866e-14,5.183516706470922e-14,1.564482067085267e-14,4.434343291977919e-14,4.894375495662351e-14,2.2111482521789214e-14,4.5684001349490454e-14,3.936190064494911e-14,3.560114727448651e-14,3.4427321881529615e-14,2.7498196910066634e-14,1.7542955167010864e-14,4.77183274868442e-14,1.9239053359448333e-14,2.8705841075381676e-14,2.9614920364723494e-14,1.1956571008756679e-14,5.296686442033234e-14,3.924359702907092e-14,2.6083854142092332e-14,5.5114376211994894e-14,3.293351333722298e-14,4.1669654370199195e-14,1.2385553389307676e-14,3.56212871089375e-14,3.970007481550299e-14,2.2767205511330443e-14,2.019125490445355e-14,1.1181856319562284e-15,4.538526050599329e-14
lwl,-3.347707426965595e-20,-2.0193876485509526e-20,-2.771911402797737e-20,2.8761876193383925e-22,-1.6321745788667753e-20,-4.5318410517639136e-21,-2.701664062316882e-20,-1.3265077680202411e-20,-2.3217863157057635e-20,-7.727799963822528e-20,-1.1827087260257479e-20,-3.8186680503905213e-20,-6.076099856058657e-20,-3.332662921284417e-20,-4.461951771746462e-21,2.9558625491100408e-21,-8.120580041928518e-21,-3.5206135069353066e-20,-1.2187310931901173e-20,-6.089953375823858e-20,-5.3268364563503975e-20,-2.712884160555001e-20,1.7646529724058012e-20,-6.48707798390995e-20,-2.8872987614408526e-20,2.146153913824637e-20,-7.040680076949269e-21,-3.1835280423952406e-20,-6.125694568958146e-20,-2.7514289165647106e-20,-1.1559423676864772e-20,-2.8103791255863467e-20,-5.1624202659453624e-20,-1.2463100090598567e-20,9.47935649230982e-21,-1.3260114379444491e-20,7.665813683522034e-21,-3.756255695902987e-20,-2.317226958796782e-20,1.0587957021518784e-20,-6.753281924743684e-20,-3.743037292452243e-20,-2.8033919383661434e-20,-5.3534837973944207e-20,-7.32883062983479e-22,-2.920756990012475e-20,-9.63598661485519e-22,1.0666811623958837e-20,-7.591805445351776e-21,-5.895479636154638e-20
moin,12.968159922757849,13.055397725301376,14.741817393569253,10.877326114667369,13.728994265622145,14.2172593139667,13.465577795141362,13.18985226529015,10.901658451386087,14.41311839156581,14.028836211379565,13.953324279076107,14.503452089928642,13.35870026790026,14.22701245913154,12.469538355714935,16.556487592176232,12.301698512384842,14.260402278276805,11.953170700078095,14.417340319076096,10.944247481865517,13.811742131636501,13.138786340523648,14.574600594041296,12.724857465174525,14.624951166276244,13.574471763695623,13.234670051779794,11.224465621726692,12.570216723867228,11.600522583263146,15.606584668755133,13.104643461236014,15.22670294444314,13.092923758988933,11.955065651221084,16.002107656375873,14.865339409412528,14.283532117568923,15.674639212435522,12.986976107093499,17.288352241327196,16.12279744280328,14.61219000118202,14.045732530006724,11.37851342557528,15.154910411293468,11.6303842164787,15.369048154758868
ndep,9.329587274876362e+16,9.418825933323149e+16,1.0105452600304059e+17,1.0673283540924734e+17,8.995271086649006e+16,9.423485538898454e+16,8.560738832209307e+16,8.869619781345774e+16,9.264975703480078e+16,9.447523418031766e+16,9.109432386048418e+16,9.678628912061253e+16,9.107121874251013e+16,8.327561899933282e+16,9.243139285545813e+16,9.74260047020596e+16,9.257462499662403e+16,8.938060697023978e+16,8.543570344035056e+16,1.0382314183795467e+17,9.549157882587549e+16,1.0498193650114549e+17,1.0693555670841667e+17,9.515866320480403e+16,9.769193176622757e+16,9.290742672212246e+16,9.092777461009885e+16,8.726543282751264e+16,9.68221383986256e+16,1.184886425209819e+17,9.676510115757782e+16,9.859308265676027e+16,8.876601011525853e+16,9.04784443416446e+16,8.857810024122435e+16,9.426603602691288e+16,1.0980527701568914e+17,8.390343502902907e+16,1.0364726111653056e+17,9.465837715768285e+16,9.1144227155242e+16,1.1379304398773698e+17,9.044561388618069e+16,9.583938649347354e+16,9.537180548231602e+16,9.365754803957186e+16,9.989290558633883e+16,1.0047751438872485e+17,8.794002788514163e+16,9.326649318662254e+16
nfactor,1.0498722045658218,0.8511940071127561,1.0475639904628742,1.0144676828160162,0.8068379955833616,1.0655572117207814,1.0600448738486898,0.8651707066424696,0.9730201602729639,0.9451736191853188,1.1767294085304374,1.2489808401430806,1.0319401321791553,0.910442263651391,0.9716307249820975,0.97300085172889,1.0216193392003956,1.1162953754915406,0.8704443536853494,1.1052476929002806,1.2113611125158268,1.030671082152413,1.0558773629881997,0.9736321925525132,1.0329297332074425,0.8605889691257791,0.848337862413151,0.9993979878854381,1.1164116251002745,0.9804002313821087,0.9229614202973957,1.0571836798364558,1.0285786036369002,1.1128917311093307,0.8968965405078384,0.8869853028366126,0.9861209927346191,1.0656555479966603,1.0132450194360239,0.9300324216616334,1.035746194022273,1.001911725959324,1.128407892490543,1.1136231863620933,0.9739559944730775,0.9797307310313214,0.9435101977266281,1.0610166334499875,1.0457469089378444,0.9749562793454614
ngate,1.0183933247301555e+20,1.0037160551811059e+20,9.927229523798847e+19,1.0005471598004653e+20,1.0132432097823046e+20,9.888004188296513e+19,9.91011904610682e+19,1.0061224534165104e+20,1.021462375349344e+20,9.272884738452392e+19,9.818141458266171e+19,1.0563920275718026e+20,1.037737613552438e+20,9.935970676650865e+19,1.0067880744586537e+20,1.0024483850394885e+20,9.855992997700967e+19,1.0232569848929087e+20,1.0056339146612462e+20,1.0064814532578304e+20,1.0448478832745482e+20,9.324535129985773e+19,9.994380703439969e+19,9.959816348683787e+19,1.0573907523148033e+20,9.871580002514454e+19,9.933941258113807e+19,1.035040805643906e+20,1.0795266465508454e+20,1.0086123327891333e+20,9.76439260663644e+19,1.0186972018153752e+20,1.0451986090100374e+20,1.010231231984219e+20,9.863049299114656e+19,9.723927474878235e+19,9.793243357820651e+19,1.0409257565220464e+20,1.0296089870862248e+20,9.977516756477977e+19,9.88104387816777e+19,1.0373771939635143e+20,1.0548222041965663e+20,9.959928311565448e+19,9.79070334602022e+19,1.0161217109916113e+20,9.83446751998988e+19,1.0105517668995847e+20,9.976783656185676e+19,1.0264541395391291e+20
noff,0.9596559244356083,0.9880272765102495,1.00541199528734,1.0052690335652061,1.0388818087527785,0.9936732017379489,0.987213317500605,1.0523924045346862,1.0117908045499313,0.9939748880001887,0.9947062890428732,0.9567830790603495,0.9922898202518321,1.042174100370474,1.0345435930121745,1.0016096799601515,1.0008785402939768,1.0090451311695543,1.0255468829556127,1.0069162174367459,0.9603906647737511,0.9394728620893932,0.9877227170614102,1.0112473266546746,0.9856827095468098,1.0471647662259285,1.029395378240852,1.0091305461107676,0.9837187450082542,1.0000346513327816,1.0001649713047989,1.014555163357366,0.9976525271831811,0.9699003427773872,1.0551830331977488,1.0449336424054383,1.0027132408818797,0.9712633536086769,0.9986163740979629,1.0174823495371241,0.9682249490685939,1.0011359630892747,1.0087473927258659,1.0148480194114824,1.0051859775070642,0.9969400314034617,1.0181765943339527,0.9897500926889908,1.0252892154403617,1.0395139596899077
pclm,6.653791102624716e-06,3.306048213941831e-06,0.0016227954112233121,1.2021847764984895e-05,1.3021631780584002e-06,0.017645315427346323,0.00017418470549680556,1.0677482746613315e-05,7.437765462353112e-07,5.274367151393358e-06,5.8959330402722865e-06,1.0712671542355829e-05,3.1212261880978694e-07,0.04949653340379338,0.02420849575273143,0.0011500909075269515,0.039823724502111066,6.145897408894313e-07,0.05191473713407174,3.96685701940564e-06,0.00011859647037989267,1.3147736395241184e-08,0.07065183251346951,5.990313752507842e-07,5.874093292295984e-07,0.5424561156996629,0.0002054552405627329,3.599930094492656e-07,5.9207979013172004e-08,3.3012109242416554e-05,0.5976230739992928,1.9522500054909217e-05,6.918371718169519e-07,7.78530329990059e-06,0.010868725388478398,9.50226837391216e-06,0.7619639217424187,2.828589459710783e-07,0.00811528360640113,0.00017827812460748847,2.4009442303596704e-08,0.0001066710591753447,9.360858662952672e-05,3.960121597424439e-06,0.021310454528515505,1.3094503620616503e-05,0.00019193541968660671,0.005391265897012251,1.197569545519556e-05,1.58184432991979e-06
pdiblc1,0.001319091666498978,7.950383028706454e-05,0.16375675190148892,0.005147176975734935,0.0001459400471094336,0.023010311197563898,1.0862035297730346e-05,0.004223044412228252,0.003901595870702193,0.0007645576277316942,0.0058783181262485875,0.024799973465897303,0.00011459999292452752,0.0037362217027727624,0.02076734843021902,0.0012943442796898303,0.16980746749244263,4.319260744153752e-05,0.020484154362209427,0.059428911205230264,0.006299279726297042,0.01140500748472526,0.04136194842255721,0.0008017430366696961,0.009172936256879418,0.231234274960375,0.00011939158343746769,0.0004099811520708076,6.259946229379687e-05,0.0023891484342888018,0.00766193047686275,0.0103976364591243,0.0006812083931321529,0.0009485989608057335,0.045064244770132024,0.08114648797285387,0.0006458796681611424,0.004310197275956382,0.3539711862164798,6.412101079152378e-05,0.0012859813946512302,0.00036593956215303405,0.0038870049316568076,0.01666155929193538,0.6848678577928684,0.0001882564382507013,0.001412125760723565,0.05608279937683638,0.011038591389348436,0.0013260923122807849
pdiblc2,0.08628755444629169,0.09646330069420642,0.07241398474449162,0.08216289465113094,0.07379735213960914,0.09104526103347778,0.07882818399166514,0.08692773788828577,0.08142175940377686,0.08483548443463942,0.09131724035876984,0.06974241809940485,0.06834065937902345,0.08141515284252059,0.07953924900435792,0.08022001768895051,0.07397307357270283,0.08400431977841691,0.08866695058600702,0.07444143722774137,0.08843504645283261,0.0960004894753317,0.07595283971008182,0.08257385009210186,0.08452862693932855,0.09407803297862855,0.07836594434773875,0.06661521784935957,0.07404981549001755,0.07781971011000861,0.07146962427358661,0.08693907437513324,0.07259527069721412,0.08301103227334068,0.08519044762471976,0.07669641230804479,0.08629435570415099,0.08238687509683193,0.07661828307953719,0.07547463900357294,0.08734256976341886,0.06672853289141786,0.07958633889918287,0.07186123117658741,0.08450515007634807,0.08235469576626589,0.07717455621384418,0.07541174006326906,0.08854077999227974,0.07981491392222206
pdiblcb,0.0806563251018293,0.18011645046818137,0.022978122606892137,-0.08225614965694827,-0.20842789566834052,0.20952062010096162,-0.12265101210593543,-0.152354409019539,-0.24127307959083755,-0.09716317808080399,0.059695720679626696,-0.14965258229909373,-0.1318215232888179,-0.11224852530335827,-0.19035610686133841,-0.06532083946402323,-0.06641263228790706,0.02585874129499266,0.07640862605068532,-0.22440989694739022,0.002086565951205266,0.10345276506793977,0.11072039722216775,-0.1175783255051952,0.05083157405536132,-0.04206783343388487,-0.1398760432269539,-0.3297794824681327,-0.33335391815218585,-0.06122555482430636,0.03352639319093731,-0.17627711153398073,-0.08939503449735642,-0.13613105276987847,0.09420556960138926,-0.10737659613025374,0.3157083513849037,-0.15200568400794734,0.06084900679746452,0.01750856545639401,0.10660861159999935,-0.18042265995643714,-0.06257176674425569,-0.0725332292559171,0.009646952749540638,-0.06701229138590525,-0.13846500260229022,-0.004466000037667173,-0.1091857554585095,-0.05581726326549297
pvag,4.516378280526295,4.063708160520994,4.508480774357612,4.521863767588635,4.912483121739111,4.5711330712667095,4.789873841870988,4.93115727519314,4.415949270571129,4.0356017787169645,4.518560824660361,4.238834667950503,4.454049587925443,4.901049032481973,4.833518473524733,4.180878536721476,4.740692018362702,4.612905889677776,4.8733839905847764,4.1587011550000375,4.69621635557132,3.9340203426482274,4.264081432025558,4.850226267212666,4.4976655258036,4.8711539667040675,4.899937079870012,4.287052369602355,4.78529708899528,4.510131619790547,4.739798083065196,4.710256752027538,4.420102605478147,4.500053335170888,4.812303889978644,4.73007210420608,4.489666288881959,4.796356737089823,4.517205222167761,4.614956120041809,4.951325797316216,4.66004937474396,4.817769131199575,4.806350089841679,4.762304307414006,4.325361665941173,4.977458320012245,4.418550261973835,4.727482747137098,4.853072561723388
rdsw,336.5381324639121,573.2959078061721,195.92223441855276,422.09783365924085,1093.9387049534735,444.5616461995166,764.9148312220832,780.5784328716344,450.3086404840977,294.52803732832666,535.2894731297465,244.28390032587583,292.5664965953614,429.6009124556998,702.651989171206,397.619420899144,941.7774482282784,861.8180301298489,540.681795285854,229.367831542948,19.27690055481386,434.577999291056,456.9167724584764,50.45450175074854,279.5611088579011,734.9466718076102,1036.6938027507624,838.7064767871449,283.00562235538996,717.981001281305,832.1688497869756,135.86588449310833,386.3324811914316,414.46749318812846,945.5154446363333,762.2515492815934,326.27836000841205,621.4390578343512,341.8187586073006,842.4124436140419,254.5702686689127,697.2011189714075,341.1401851609625,334.13868137030977,750.4275313718803,553.0877361568971,780.3280517994378,581.3044897684919,16.049405800658185,397.79248901009606
toxp,5.1435733599083285e-09,5.137566265274086e-09,5.140060418029395e-09,5.125812993431091e-09,5.14846192625401e-09,5.132328460924022e-09,5.124651972976742e-09,5.149852267197136e-09,5.140667587009867e-09,5.140434778818085e-09,5.130725613059557e-09,5.158368843954949e-09,5.1212957598284186e-09,5.134075421256762e-09,5.166499711780926e-09,5.167179935810482e-09,5.15282619322919e-09,5.146653617422673e-09,5.1448669405088756e-09,5.10359900011872e-09,5.171183745926313e-09,5.122648089799546e-09,5.126652798066724e-09,5.125786874746422e-09,5.148268195318409e-09,5.15354615430537e-09,5.148651031526938e-09,5.1487775938310174e-09,5.158748079481156e-09,5.105274106889729e-09,5.121670775589541e-09,5.156036481261753e-09,5.126211231559296e-09,5.153627423931473e-09,5.130227124981404e-09,5.1152277472476306e-09,5.117659121551541e-09,5.172241639420696e-09,5.142333761144938e-09,5.113435849200472e-09,5.138092201720576e-09,5.115001695580121e-09,5.173145867231595e-09,5.1402945204132935e-09,5.143884329828135e-09,5.153577920269314e-09,5.126374612413262e-09,5.142327457687889e-09,5.167733428869058e-09,5.156360531858693e-09
u0,670.3294359981413,660.445347769959,685.095645326909,681.4881361498009,659.8696261700424,682.7725681969828,644.9072523427418,682.7777734922561,668.9113427038681,662.880087322176,651.6022854063399,678.2369211007847,695.9929867516283,675.782923278914,666.467032677751,663.6357466997155,652.7479875173603,661.7765224198474,678.2437513348665,675.1308613711017,676.530331088114,668.2315469178375,681.039663399373,688.8312133841596,670.0469937153642,670.8640756211839,658.5915507922407,654.1003389422983,671.9838412027387,672.6493429106478,684.5952013103844,679.3878181358413,660.1960121388325,665.8434814097014,688.6704475228886,683.4535085968763,687.2540217635247,662.3420817373867,687.5225470159081,659.9709086009871,676.1800492684969,660.6404362035902,665.1709381836407,687.1739459771967,661.3137541707041,661.2735369939435,664.4721348070613,676.2885183788106,689.9735775980229,677.4156802903117
ua,8.509529929725412e-10,7.650987371394663e-10,9.021782262357368e-10,8.453949371509885e-10,8.126462191049096e-10,8.340100656276783e-10,7.48883209748597e-10,8.764413696945529e-10,8.826137218753404e-10,9.104946797809071e-10,7.6379959682684e-10,9.274997105044283e-10,9.595357993604824e-10,8.849453349159364e-10,8.289064019095056e-10,8.213698118896623e-10,7.89444403130435e-10,8.378358789041428e-10,8.163724350616494e-10,9.535486492413826e-10,9.221824564093906e-10,8.661283114434657e-10,8.165516163809321e-10,9.49858963974239e-10,8.273452935660084e-10,7.630895764280545e-10,7.863849828578344e-10,8.856467499630499e-10,9.242750466160453e-10,8.263327482169964e-10,8.595144035220538e-10,9.012544226172124e-10,8.791550102954752e-10,8.003090242085423e-10,8.362797091458746e-10,8.785788831760539e-10,8.51295620876947e-10,8.159689338541815e-10,8.797361556544067e-10,7.736967865498331e-10,8.936011098597996e-10,8.578211068360555e-10,8.203943225656069e-10,9.404223816805123e-10,7.763180798842294e-10,8.325446762776643e-10,8.499644571689429e-10,8.287838260818367e-10,8.746053051322391e-10,8.879007845667955e-10
ub,2.057620051378522e-20,3.88235072274688e-20,1.506786461767532e-20,1.362350557345185e-20,7.743851719338114e-21,3.990899000284971e-20,1.158443924065419e-20,1.653389608248863e-20,1.9654505749645526e-20,3.1030420665695414e-21,2.258899866874891e-21,1.3274126102492722e-20,1.555047655453982e-20,3.178493018007392e-20,1.3450707268067862e-20,4.025387978120977e-20,7.197570771815228e-21,1.5537033946739362e-20,2.8186159325813065e-20,2.1736428039782553e-21,2.9930924772146164e-20,7.246344607669705e-21,1.1329911618119079e-20,1.050888617765273e-20,2.8127881510421444e-20,2.4894981037588188e-20,5.842857385634464e-21,1.8129051752973445e-20,1.8955218405303307e-20,2.1574936633916084e-20,1.374018740085995e-19,1.0043295144301006e-20,5.957822298303951e-20,2.5100817221686875e-21,3.477921167268028e-20,5.1626947235446715e-21,5.449392231739754e-20,8.176499102780453e-21,5.441798363267437e-20,5.4858918607124065e-21,4.8837609070302236e-21,5.3662910666850487e-20,9.421021873130733e-21,2.7530374736274377e-20,9.236328108515362e-21,1.7541364964166904e-20,1.866848476470416e-20,7.521243544216675e-21,1.028791048488646e-20,5.413152539362965e-21
uc,-1.112406828530529e-10,-1.4097395635599813e-10,-1.1864972553537168e-10,-1.3770550190276992e-10,-1.704074741755785e-10,-1.2495383726183594e-10,-2.7262491890924597e-10,-1.8631951592264454e-10,-1.6132795237260884e-10,-9.407759348864164e-11,-1.5373002187358614e-10,-1.0318717941988312e-10,-1.3704245869090972e-10,-1.6163081877936382e-10,-1.9772778778138308e-10,-1.613237440912673e-10,-1.3814702941463177e-10,-1.0611743965861575e-10,-1.540323926257242e-10,-1.4819390949614395e-10,-9.246863896721696e-11,-1.1684791705813826e-10,-1.9839031752307502e-10,-1.5563284679962775e-10,-1.1809588709980957e-10,-2.461693282132054e-10,-1.8479384824643762e-10,-1.1556202831614618e-10,-1.6690490546043287e-10,-1.9012715554808603e-10,-1.3713423209126556e-10,-1.8423960980334473e-10,-8.503126148268598e-11,-1.6054402705027095e-10,-1.6378436794428108e-10,-1.6623952555107464e-10,-1.856956143538614e-10,-1.4636653936910322e-10,-1.3639501036364387e-10,-1.9734649044888923e-10,-9.632441165021574e-11,-1.6966575968520735e-10,-1.259365249693784e-10,-1.062005427784962e-10,-1.65331421752299e-10,-1.3861395973367313e-10,-1.5900891073848799e-10,-1.5745803062380596e-10,-2.0789471478394643e-10,-1.4095078661005546e-10
voff,-0.08183870014024408,-0.0853629001823177,-0.07888779115728524,-0.07907017120424034,-0.09029457683717582,-0.08284995747022533,-0.079193626984166,-0.0885860398693816,-0.07820157641954326,-0.07890075842581154,-0.0783154190543923,-0.0810461135798335,-0.08858481382618054,-0.08934911496909351,-0.08571554574429546,-0.08291604906125592,-0.0855398346090407,-0.08449215161676671,-0.09273630836095095,-0.07689193100720086,-0.07461535483795037,-0.07598273200673893,-0.0830541430228499,-0.08000103418672827,-0.08204061573595557,-0.08493961963817964,-0.08676122743263728,-0.08502851844445922,-0.07860984724358275,-0.0790825278830274,-0.08667994752169059,-0.07646579437460672,-0.08434280967603586,-0.08189702099104706,-0.09083682823118934,-0.08761466090137301,-0.08149500854424639,-0.08514672600469897,-0.08159427007402908,-0.08977388408096483,-0.08272785646530999,-0.07725126477600806,-0.08567033161599885,-0.0838695472981578,-0.0817783830094059,-0.08475906246557414,-0.08118330610498804,-0.08443571354599166,-0.08098455023310658,-0.08619336206947086
voffcv,-0.0026313026395708983,-0.004410084993606567,0.00044125479710999116,-0.003031896123386668,-0.009013860351552994,-0.001366173833005302,-0.0006718368430831956,-0.008823869912576943,-0.0052211139055360345,-0.0030277714428798563,0.0025171041706653074,-0.002377362116892101,-0.006560336081110729,-0.006918666221636505,-0.0031267877937167232,-0.00386770828101507,-0.000904289037001571,-0.005352553698553031,-0.0055348152755005375,-0.002291554395616513,0.001993333171038336,-0.0033536676017248412,-0.001932175778633638,-0.002776551716622555,-0.0007016712550011461,-0.0036257403639514685,-0.005454515010878513,-0.006684781759869307,-0.004835975028738837,-0.003759814201108269,-0.007467653712437294,-0.0018119440746358073,-0.003989261975843761,-0.003629304352290641,-0.007067894001511532,-0.007077618057153179,-0.0021752012216569305,-0.004193976713430803,-0.0007823351003158341,-0.006705536300781134,-0.0016978728985078129,-0.0032261086055998534,-0.0024446578806103236,-0.0031413507696902987,-0.0008232979060890933,-0.003409399727686113,-0.0037414692606924094,-0.002765219468744584,-0.0026202147913808593,-0.004689721314412976
voffl,-4.008805157221637e-09,-2.403466532232459e-09,2.4030441085887363e-09,4.795170173587563e-09,-9.036871805158086e-09,6.978008268466326e-09,-3.93834684658303e-09,-3.993594138899426e-09,-9.57767586486264e-09,-7.612410250202343e-09,1.6351742501845584e-09,-6.349381073920703e-09,-1.4329679792976572e-08,-1.1288584648348971e-10,4.290276795745184e-09,-2.0743622338305246e-09,4.021193336966891e-09,-5.795534033918453e-09,3.1503620480094847e-09,-1.3078556354006764e-08,-1.2391793428443307e-09,3.5095003242557753e-09,-2.983144071277082e-09,-8.633595335873084e-09,-6.133295301463014e-09,8.101774384552273e-09,-2.573760754665973e-09,-1.3166601582195507e-08,-1.4509033370927469e-08,5.1373304483563576e-11,-3.65320417134407e-09,2.734244453503043e-10,-1.3069720000417786e-08,-8.432082087846381e-10,4.918452001551569e-09,-3.3448926310141213e-09,4.505877289376145e-09,-5.689296209728038e-09,-8.16318131389838e-09,5.294441930726135e-09,1.365716293968028e-09,-1.3238327468795014e-08,-1.3373305735087767e-09,6.149962972111689e-09,4.875785095878754e-09,-1.7532378921437535e-09,3.2236000411526403e-09,-3.8041709878289675e-09,9.471613825728116e-09,3.133213389002499e-09
vsat,451912.05348485155,401576.9510292887,418006.44977135415,417861.93125653436,374064.485002835,409705.2688676014,263758.3257767837,398380.1337449929,323826.86123520817,370924.52042713965,330049.29541132355,439759.2626242753,475142.06114145357,203824.00028611426,320217.02955704863,347876.5893853583,311468.51046056015,408844.9876914404,295397.7667492963,443633.1431499945,488821.1629413004,386754.52151222667,333698.1152087958,421235.6226692577,485874.50204944424,316210.407979425,336380.8045160963,327925.03906129143,371489.8421276003,424319.5106679237,375824.39306838653,331426.30070049304,332503.8013982086,293738.42864934023,413111.36964283587,362652.2207951197,238260.0086183745,344132.10381719616,445718.7032472664,273914.2300598033,451964.8125372377,379956.12646438,413877.1670068805,372877.0856951774,317086.968248504,360027.006546667,338325.3456071752,302928.94891990256,355432.9129510456,420618.83475361794
vth0,0.5053448704467232,0.5075963135923511,0.5033462767394257,0.5073863799219387,0.5156082114799938,0.5041167477251158,0.5071047501352224,0.5125075158773482,0.5059084396193652,0.5068515854733011,0.5048443453814508,0.5078364619978855,0.5122560481787981,0.5126238354028456,0.5089530032337586,0.5066221917003291,0.5088672543692936,0.507702311207491,0.5135148264260279,0.5071209017736442,0.5010416780157168,0.5042773009639667,0.5105918710631618,0.5053070388408716,0.5061139868856674,0.508181711983188,0.5124192663557081,0.5108159159182883,0.5089868264325101,0.5105598255107435,0.5104054126156763,0.5031960207476405,0.5089127434513125,0.5077981589479266,0.5117593376701279,0.5111063261710473,0.5043928572958145,0.509700867250023,0.5080538324317638,0.5154761873399378,0.5085864392873161,0.5104047395468982,0.5122379254622245,0.5113852847568001,0.5064413454583083,0.5077767389094889,0.5068848216809929,0.5121645047591574,0.5030031694402375,0.512016454656278
w0,7.980452952025655e-07,9.970988156051358e-07,1.1098096576500814e-06,1.1701475929653045e-06,6.835912474622505e-07,1.5576131316897673e-06,1.1172730847977336e-06,9.180359925375087e-07,8.471550577735584e-07,3.583456728311441e-07,7.541766994928526e-07,6.846019503803854e-07,4.900582828321937e-07,9.30838158559579e-07,1.2132671047518218e-06,1.1650366589543682e-06,1.104763967632577e-06,4.928605057131244e-07,1.1401536807146457e-06,5.943478970574692e-07,8.194258737448401e-07,8.284857090779199e-07,1.4294312467077967e-06,5.711226150843469e-07,9.981719584939684e-07,1.9323994413930867e-06,9.602545282566105e-07,6.351442483463767e-07,5.25120056033201e-07,1.333679614482088e-06,9.880390836981156e-07,9.404991913115114e-07,7.300141500289114e-07,7.355274182092363e-07,1.6408799524142683e-06,9.13586860441693e-07,1.7055438470158297e-06,5.638258428693875e-07,1.1249886654720433e-06,1.0703649725857224e-06,5.904022880026492e-07,1.077880111764162e-06,7.056798398076265e-07,6.587622938879245e-07,1.3365099664791153e-06,8.34632605245962e-07,1.4217509775719758e-06,1.1373862374632544e-06,8.956075952861938e-07,6.422025537763093e-07
wint,6.093728682316392e-08,9.783190021844541e-08,5.2169459427779504e-08,7.77635742226799e-08,5.520984126302182e-08,6.06662558375917e-08,4.868653424198749e-08,5.393404660212464e-08,5.81751647963238e-08,4.490917573213147e-08,4.7541612185238865e-08,2.0786563881444232e-08,3.821125603590538e-08,1.3633989184216896e-08,4.28274356951699e-08,8.880781866341257e-08,3.296463174384537e-08,2.7579980698781502e-08,6.776933903896504e-08,4.5471881027498756e-08,5.512404667277841e-08,9.296940165424421e-08,7.808602285868788e-08,6.301636972115091e-08,8.759080720433388e-08,7.906254268376785e-08,5.9446136271431766e-08,1.188389261645125e-08,3.723138725695819e-08,7.255129169720256e-08,3.507138939379162e-08,6.092643794582369e-08,1.2110658053931169e-08,5.1926461390683216e-08,5.431414253661798e-08,5.059648216176965e-08,7.431736767496516e-08,4.864557677068814e-08,7.439488219327407e-08,5.0188253135308316e-08,4.628421435661699e-08,4.0212207756825605e-08,4.189205781321003e-08,6.2795431292122925e-09,6.365757229149573e-08,5.5453032655334645e-08,4.914987750880143e-08,7.187099483125211e-08,7.238160754055856e-08,3.187603043952666e-08
ww,-5.686921764934029e-14,-5.99559287849204e-14,-5.407170752809623e-14,-5.4169377015658324e-14,-7.641882264065188e-14,-5.686361159298309e-14,-5.400945660705351e-14,-7.763922515230012e-14,-6.464372436030529e-14,-4.3598509556329306e-14,-4.173209751382721e-14,-6.075735999276345e-14,-6.416255722886285e-14,-8.264055575510371e-14,-6.35492098867322e-14,-6.335164908518188e-14,-5.352893870570123e-14,-6.415256894053719e-14,-8.950942848669254e-14,-3.294787233033489e-14,-5.5466892323957974e-14,-6.114967282652625e-14,-5.430692631672648e-14,-5.216977034261307e-14,-6.24724559757981e-14,-7.635778760417971e-14,-7.147517334710778e-14,-5.790631413675541e-14,-5.410154019713529e-14,-4.082357490094697e-14,-6.425419350802862e-14,-5.806462972503741e-14,-6.11604666636825e-14,-5.302221337021153e-14,-7.36982658046525e-14,-6.425780270419811e-14,-5.189947348548493e-14,-6.63488572140844e-14,-6.633644511015586e-14,-8.101129420749742e-14,-7.433137313690985e-14,-4.0963532554843164e-14,-7.479160323865217e-14,-8.256604409417e-14,-5.9795928438902e-14,-5.381901185115928e-14,-5.096853341883899e-14,-5.923558503555278e-14,-7.910844361124732e-14,-6.849432123768896e-14
wwl,-2.094833041141147e-20,-9.9898008305906e-21,-5.374831145917351e-20,-4.0716551335588664e-20,-1.1827815719678302e-20,-1.8631549196987024e-20,-2.0019779645237458e-20,-2.3538587362828654e-20,-2.4896015028406285e-20,-6.625087356445931e-20,-3.2112742947212494e-20,-4.0092338157826156e-20,-2.92567804481566e-20,-1.983282753409417e-20,-1.485585448814398e-20,-1.7404623763658257e-20,-2.4095215074287137e-20,4.148923016490218e-22,-2.2392619159568163e-20,-6.800016761476242e-20,-5.954936312864637e-20,-3.8548980470300556e-20,-2.4144994850611622e-20,-5.886600959587511e-20,-3.8812572602625466e-20,-2.448472426271211e-20,-1.89918166395263e-20,-1.3314970102512525e-20,-6.09942398720089e-20,-3.821171113079949e-20,2.757028232080132e-21,-5.703467599008435e-20,-1.309400851039908e-20,-3.1374110976824964e-20,-9.968383204043097e-21,-3.0300230040190814e-20,-2.294004984348674e-20,-3.03809979124101e-20,-3.7046446319262525e-20,3.811815189398058e-21,-4.133827056173637e-20,-4.567821643062064e-20,-1.3450072107419911e-20,-4.8490431995248395e-20,-2.375997662290985e-20,-3.053759124881595e-20,-1.1306871208291843e-20,-2.8841577920207204e-20,-4.066417866560617e-20,-5.1756012161401717e-20
xpart,0.3668386712556054,0.20378014402940925,0.1919409803350552,0.39583772672361917,0.5452578240065666,0.26910460542262893,0.47427377285426164,0.4145974585025932,0.607252883330975,0.29220259187890013,0.42312117795167364,0.5971109636173704,0.7787833334961662,0.7341501129066064,0.2237444292660595,0.2497339238385513,0.26292389091772317,0.45267692715406477,0.4358508404281224,0.5409889843759886,0.12346546095800903,0.24385035707700636,0.41266244943451375,0.3534581517567491,0.1134192343890187,0.2929017420926501,0.4169810124421556,0.6696322777117745,0.6388794555113814,0.5934806225745926,0.6177459017177251,0.23864223755779004,0.5700242780102992,0.5788347663003546,0.3619395014108266,0.46478449249518256,0.2304673300480085,0.5085822011316874,0.23034128741481885,0.6672506746409257,0.3399257472174472,0.7177405769649594,0.5177637668743582,0.5147317621628792,0.29893995835554055,0.18644376772187726,0.3945221198616917,0.47297102210913805,0.07474924966235019,0.31648048883751967
