id,path
97bfcf98-93c8-4a7c-9f36-87fcf10e4572,/home/gazi/Desktop/Work/custom_packages/aivalanche/aivalanche_app/src/aivalanche_app/data_store/projects/projekti_1.gazi.610b1381-5e6f-4dec-b44d-3e2d9c43eb55/models/modeli_1.e2949741-e609-4179-ab68-4251cdb27019/inputs/optimization_settings.json
6def72c4-9b3c-4ac5-8f45-93c6b98e8a15,/home/gazi/Desktop/Work/custom_packages/aivalanche/aivalanche_app/src/aivalanche_app/data_store/projects/projekti_1.gazi.fac3307d-4e35-41af-a86d-427f7e3716f3/models/model_1.75ca7489-1a4f-4076-814e-ca5343aff41b/inputs/optimization_settings.json
0e87699c-0c57-4178-a36e-8c5f78479cf8,/home/gazi/Desktop/Work/custom_packages/aivalanche/aivalanche_app/src/aivalanche_app/data_store/projects/projekti_1.gazi.0278eae3-ef50-4275-b589-0012e6c27512/models/modeli_1.530a1a34-6eff-4614-8d9e-8ec9de57b4ce/inputs/optimization_settings.json
fb74939d-3e90-46e6-a891-b8206e78d4ec,/home/gazi/Desktop/Work/custom_packages/aivalanche/aivalanche_app/src/aivalanche_app/data_store/projects/projekti_1.gazi.4f5ca6b0-a81b-4d40-945a-af8a61690304/models/modeli_1.19aa1e13-60d4-427c-8275-c7e192e344d0/inputs/optimization_settings.json
f5b075f0-6d21-459d-95df-956b92c9034c,/home/gazi/Desktop/Work/custom_packages/aivalanche/aivalanche_app/src/aivalanche_app/data_store/projects/projekti_1.gazi.238e7eff-2d38-4867-93a3-f265dab1f70f/models/modeli_1.e284802d-bf47-4fbb-9b52-fe9a178aa2c3/inputs/optimization_settings.json
8505785b-d75b-4135-916b-55da650e4934,/home/gazi/Desktop/Work/custom_packages/aivalanche/aivalanche_app/src/aivalanche_app/data_store/projects/projekti_1.gazi.a9d43ce8-ccc4-4f6a-8fc2-1af47e92cdea/models/modeli_1.517e4d43-f9ff-4361-8585-03c3db86b12d/inputs/optimization_settings.json
239fc583-cdd3-420b-a902-ae7ac2020c11,/home/gazi/Desktop/Work/custom_packages/aivalanche/aivalanche_app/src/aivalanche_app/data_store/projects/projekti_1.gazi.b5557c0f-ade4-4443-b08e-f6c5d14f8a3b/models/modeli_1.e6c5d952-4e79-4534-9891-93fac7da8f17/inputs/optimization_settings.json
bcc207d2-f52f-4453-b549-28a0fd937723,/home/gazi/Desktop/Work/custom_packages/aivalanche/aivalanche_app/src/aivalanche_app/data_store/projects/projekti_1.gazi.dc46358f-8b8e-49b5-a4b5-78c1cc0e44ce/models/modeli_1.d838960a-c0d9-4051-bd6b-98137e56a744/inputs/optimization_settings.json
a64e37f5-3c76-43f0-8a24-9750280792cf,/home/gazi/Desktop/Work/custom_packages/aivalanche/aivalanche_app/src/aivalanche_app/data_store/projects/projekti_1.gazi.20bf7dd9-e8f6-4d35-86d2-f717906dc109/models/modeli_1.15059f60-5751-4550-89d6-0db412e03fff/inputs/optimization_settings.json
32a971a1-0a21-4ef1-bf5d-9ce3b798ee31,/home/gazi/Desktop/Work/custom_packages/aivalanche/aivalanche_app/src/aivalanche_app/data_store/projects/projekti_1.gazi.20bf7dd9-e8f6-4d35-86d2-f717906dc109/models/model_2.037052ef-37b0-4419-b148-f8f5ef1520bf/inputs/optimization_settings.json
